path,current Git state,classification,canonical owner,referenced by,include in Git yes/no,reason,secret scan result,duplicate check,intended commit group
.editorconfig,tracked: clean,E,repository and build configuration,"Git, Docker, Python, or VS Code tooling",yes,"required repository, build, or development configuration",CLEAN,UNIQUE sha256:2071fcddd821537d,09-build-and-cross-platform-environment
.env.example,tracked: unstaged changes,E,repository and build configuration,"Git, Docker, Python, or VS Code tooling",yes,"required repository, build, or development configuration","SYNTHETIC_TEST_LITERAL_ONLY:credential-url,literal-credential",UNIQUE sha256:521b3d0d228ff024,09-build-and-cross-platform-environment
.env.secrets.example,tracked: clean,J,secret owner; not repository-owned,local secret/configuration consumer only,no,sensitive content requires removal or explicit review,REVIEW_REQUIRED:absolute-windows-path,UNIQUE sha256:53dfcec514e1ac64,not-staged
.gitattributes,tracked: clean,E,repository and build configuration,"Git, Docker, Python, or VS Code tooling",yes,"required repository, build, or development configuration",CLEAN,UNIQUE sha256:27be1b6eeded4670,09-build-and-cross-platform-environment
.gitignore,tracked: unstaged changes,E,repository and build configuration,"Git, Docker, Python, or VS Code tooling",yes,"required repository, build, or development configuration",CLEAN,UNIQUE sha256:3ec7fa5c941e43f7,09-build-and-cross-platform-environment
.vscode/extensions.json,tracked: clean,E,repository and build configuration,"Git, Docker, Python, or VS Code tooling",yes,"required repository, build, or development configuration",CLEAN,UNIQUE sha256:afb38545cca1e11b,09-build-and-cross-platform-environment
.vscode/settings.json,tracked: clean,E,repository and build configuration,"Git, Docker, Python, or VS Code tooling",yes,"required repository, build, or development configuration",CLEAN,UNIQUE sha256:f3bb6e197df40005,09-build-and-cross-platform-environment
.vscode/tasks.json,tracked: clean,E,repository and build configuration,"Git, Docker, Python, or VS Code tooling",yes,"required repository, build, or development configuration",CLEAN,UNIQUE sha256:5db3c16ad92c3c66,09-build-and-cross-platform-environment
README.md,tracked: unstaged changes,F,project documentation,"developer, operator, and architecture review",yes,"maintained architecture, security, or operations documentation",CLEAN,UNIQUE sha256:513c2dfa107c8ad2,10-documentation-and-release-evidence
admin_interface_design.md,tracked: clean,F,project documentation,"developer, operator, and architecture review",yes,"maintained architecture, security, or operations documentation",CLEAN,UNIQUE sha256:9faf698006a46ccc,10-documentation-and-release-evidence
backend/.dockerignore,tracked: clean,E,repository and build configuration,"Git, Docker, Python, or VS Code tooling",yes,"required repository, build, or development configuration",CLEAN,UNIQUE sha256:b4c4e3ba538f3fff,09-build-and-cross-platform-environment
backend/.python-version,tracked: clean,E,repository and build configuration,"Git, Docker, Python, or VS Code tooling",yes,"required repository, build, or development configuration",CLEAN,UNIQUE sha256:33307da56af13f79,09-build-and-cross-platform-environment
backend/Dockerfile,tracked: clean,E,repository and build configuration,"Git, Docker, Python, or VS Code tooling",yes,"required repository, build, or development configuration",CLEAN,UNIQUE sha256:62f8386332223d96,09-build-and-cross-platform-environment
backend/README.md,tracked: clean,F,project documentation,"developer, operator, and architecture review",yes,"maintained architecture, security, or operations documentation",CLEAN,UNIQUE sha256:0ebe66408c7fbbaa,10-documentation-and-release-evidence
backend/alembic.ini,tracked: clean,E,repository and build configuration,"Git, Docker, Python, or VS Code tooling",yes,"required repository, build, or development configuration",CLEAN,UNIQUE sha256:2436ff2a4ab9b7da,09-build-and-cross-platform-environment
backend/alembic/README,tracked: clean,E,repository and build configuration,"Git, Docker, Python, or VS Code tooling",yes,"required repository, build, or development configuration",CLEAN,UNIQUE sha256:31595cf53626af9e,09-build-and-cross-platform-environment
backend/alembic/env.py,tracked: clean,E,repository and build configuration,"Git, Docker, Python, or VS Code tooling",yes,"required repository, build, or development configuration",CLEAN,UNIQUE sha256:a3619e0fe01e22b5,09-build-and-cross-platform-environment
backend/alembic/script.py.mako,tracked: clean,E,repository and build configuration,"Git, Docker, Python, or VS Code tooling",yes,"required repository, build, or development configuration",CLEAN,UNIQUE sha256:a60ec52443699fdc,09-build-and-cross-platform-environment
backend/alembic/versions/8b2f4d1c6a10_execution_core.py,tracked: clean,B,Alembic migration graph,backend/alembic/versions/d4a9c8e7f621_product_core_foundation.py,yes,canonical Alembic revision,CLEAN,UNIQUE sha256:6304b536e91337d2,06-alembic-migrations
backend/alembic/versions/a1b2c3d4e5f6_supplier_schema_profiles.py,tracked: clean,B,Alembic migration graph,backend/alembic/versions/a2b3c4d5e6f7_supplier_mapping_profiles.py,yes,canonical Alembic revision,CLEAN,UNIQUE sha256:506196bbab028a08,06-alembic-migrations
backend/alembic/versions/a2b3c4d5e6f7_supplier_mapping_profiles.py,tracked: clean,B,Alembic migration graph,backend/alembic/versions/a3b4c5d6e7f8_supplier_acquisition_engine.py,yes,canonical Alembic revision,CLEAN,UNIQUE sha256:0e6f8f2b5f5938e3,06-alembic-migrations
backend/alembic/versions/a3b4c5d6e7f8_supplier_acquisition_engine.py,tracked: clean,B,Alembic migration graph,backend/alembic/versions/a4b5c6d7e8f9_supplier_snapshot_engine.py,yes,canonical Alembic revision,CLEAN,UNIQUE sha256:e6cb24d204072623,06-alembic-migrations
backend/alembic/versions/a4b5c6d7e8f9_supplier_snapshot_engine.py,tracked: clean,B,Alembic migration graph,backend/alembic/versions/a5b6c7d8e9f1_supplier_delta_engine.py,yes,canonical Alembic revision,CLEAN,UNIQUE sha256:71a13d2766204653,06-alembic-migrations
backend/alembic/versions/a5b6c7d8e9f0_normalize_attribute_check_constraint_names.py,tracked: clean,B,Alembic migration graph,backend/alembic/versions/b6c7d8e9f0a1_optimize_execution_claim_index.py,yes,canonical Alembic revision,CLEAN,UNIQUE sha256:f4b830f3bcb56518,06-alembic-migrations
backend/alembic/versions/a5b6c7d8e9f1_supplier_delta_engine.py,tracked: clean,B,Alembic migration graph,backend/alembic/versions/a6b7c8d9e0f1_supplier_incident_center.py,yes,canonical Alembic revision,CLEAN,UNIQUE sha256:9089d866a2a49bc0,06-alembic-migrations
backend/alembic/versions/a6b7c8d9e0f1_supplier_incident_center.py,tracked: clean,B,Alembic migration graph,backend/alembic/versions/b8c4bdfd5754_supplier_pipeline_foundation.py,yes,canonical Alembic revision,CLEAN,UNIQUE sha256:1675b6dbbc264c58,06-alembic-migrations
backend/alembic/versions/a8b9c0d1e2f3_product_content_completion.py,tracked: clean,B,Alembic migration graph,backend/alembic/versions/b9c0d1e2f3a4_content_template_conditions.py,yes,canonical Alembic revision,CLEAN,UNIQUE sha256:9d898958fad0d77a,06-alembic-migrations
backend/alembic/versions/b2c3d4e5f6a7_inventory_movements.py,tracked: clean,B,Alembic migration graph,backend/alembic/versions/c3d4e5f6a7b8_inventory_reservations.py,yes,canonical Alembic revision,CLEAN,UNIQUE sha256:a7f38a467ddf7584,06-alembic-migrations
backend/alembic/versions/b6c7d8e9f0a1_optimize_execution_claim_index.py,tracked: clean,B,Alembic migration graph,backend/alembic/versions/c7d8e9f0a1b2_add_cursor_pagination_indexes.py,yes,canonical Alembic revision,CLEAN,UNIQUE sha256:293113b23ee9aeea,06-alembic-migrations
backend/alembic/versions/b8c4bdfd5754_supplier_pipeline_foundation.py,tracked: clean,B,Alembic migration graph,backend/alembic/env.py and Alembic revision chain,yes,canonical Alembic revision,CLEAN,UNIQUE sha256:ecf71d07ec576104,06-alembic-migrations
backend/alembic/versions/b9c0d1e2f3a4_content_template_conditions.py,tracked: clean,B,Alembic migration graph,backend/alembic/versions/c0d1e2f3a4b5_product_content_quality.py,yes,canonical Alembic revision,CLEAN,UNIQUE sha256:00643e1a095d9880,06-alembic-migrations
backend/alembic/versions/c0d1e2f3a4b5_product_content_quality.py,tracked: clean,B,Alembic migration graph,backend/alembic/versions/d1e2f3a4b5c6_product_content_invariants.py,yes,canonical Alembic revision,CLEAN,UNIQUE sha256:36c7d497eab7197e,06-alembic-migrations
backend/alembic/versions/c3d4e5f6a7b8_inventory_reservations.py,tracked: clean,B,Alembic migration graph,backend/alembic/versions/d5e6f7a8b9c0_product_attribute_system.py,yes,canonical Alembic revision,CLEAN,UNIQUE sha256:5fc3d3200aede88f,06-alembic-migrations
backend/alembic/versions/c7d8e9f0a1b2_add_cursor_pagination_indexes.py,tracked: clean,B,Alembic migration graph,backend/alembic/versions/d8e9f0a1b2c3_supplier_administration.py,yes,canonical Alembic revision,CLEAN,UNIQUE sha256:5b812981c576d765,06-alembic-migrations
backend/alembic/versions/cea65f170298_initial_database_schema.py,tracked: clean,B,Alembic migration graph,backend/alembic/versions/8b2f4d1c6a10_execution_core.py,yes,canonical Alembic revision,CLEAN,UNIQUE sha256:f34105a75957d0ad,06-alembic-migrations
backend/alembic/versions/d1e2f3a4b5c6_product_content_invariants.py,tracked: clean,B,Alembic migration graph,backend/alembic/versions/e2f3a4b5c6d7_execution_job_leases.py,yes,canonical Alembic revision,CLEAN,UNIQUE sha256:741fd3fbeaf519d7,06-alembic-migrations
backend/alembic/versions/d4a9c8e7f621_product_core_foundation.py,tracked: clean,B,Alembic migration graph,backend/alembic/versions/eb5f2829e72e_add_products_table.py,yes,canonical Alembic revision,CLEAN,UNIQUE sha256:c43844348a9cb6e8,06-alembic-migrations
backend/alembic/versions/d5e6f7a8b9c0_product_attribute_system.py,tracked: clean,B,Alembic migration graph,backend/alembic/versions/e6f7a8b9c0d1_attribute_platform_completion.py,yes,canonical Alembic revision,CLEAN,UNIQUE sha256:87c742306f3375e4,06-alembic-migrations
backend/alembic/versions/d8e9f0a1b2c3_supplier_administration.py,tracked: clean,B,Alembic migration graph,backend/alembic/versions/e9f0a1b2c3d4_supplier_code_capacity.py,yes,canonical Alembic revision,CLEAN,UNIQUE sha256:0cea8a7da6a9bb89,06-alembic-migrations
backend/alembic/versions/e2f3a4b5c6d7_execution_job_leases.py,tracked: clean,B,Alembic migration graph,backend/alembic/versions/f3a4b5c6d7e8_execution_job_query_indexes.py,yes,canonical Alembic revision,CLEAN,UNIQUE sha256:d0fba60bba59d704,06-alembic-migrations
backend/alembic/versions/e6f7a8b9c0d1_attribute_platform_completion.py,tracked: clean,B,Alembic migration graph,backend/alembic/versions/f7a8b9c0d1e2_product_content_platform.py,yes,canonical Alembic revision,CLEAN,UNIQUE sha256:0b5fe3b23821c700,06-alembic-migrations
backend/alembic/versions/e9f0a1b2c3d4_supplier_code_capacity.py,tracked: clean,B,Alembic migration graph,backend/alembic/versions/f0a1b2c3d4e5_supplier_source_connections.py,yes,canonical Alembic revision,CLEAN,UNIQUE sha256:7b29d0a88156e151,06-alembic-migrations
backend/alembic/versions/eb5f2829e72e_add_products_table.py,tracked: clean,B,Alembic migration graph,backend/alembic/versions/f1a2b3c4d5e6_inventory_foundation.py,yes,canonical Alembic revision,CLEAN,UNIQUE sha256:ddfae56006a4b30b,06-alembic-migrations
backend/alembic/versions/f0a1b2c3d4e5_supplier_source_connections.py,tracked: clean,B,Alembic migration graph,backend/alembic/versions/a1b2c3d4e5f6_supplier_schema_profiles.py,yes,canonical Alembic revision,CLEAN,UNIQUE sha256:03cde43d613441f8,06-alembic-migrations
backend/alembic/versions/f1a2b3c4d5e6_inventory_foundation.py,tracked: clean,B,Alembic migration graph,backend/alembic/versions/b2c3d4e5f6a7_inventory_movements.py,yes,canonical Alembic revision,CLEAN,UNIQUE sha256:90c6f3826b1dbeb0,06-alembic-migrations
backend/alembic/versions/f3a4b5c6d7e8_execution_job_query_indexes.py,tracked: clean,B,Alembic migration graph,backend/alembic/versions/f4a5b6c7d8e9_fix_execution_claim_priority_index.py,yes,canonical Alembic revision,CLEAN,UNIQUE sha256:35eb370866997d4b,06-alembic-migrations
backend/alembic/versions/f4a5b6c7d8e9_fix_execution_claim_priority_index.py,tracked: clean,B,Alembic migration graph,backend/alembic/versions/a5b6c7d8e9f0_normalize_attribute_check_constraint_names.py,yes,canonical Alembic revision,CLEAN,UNIQUE sha256:879f46c96c80ed2d,06-alembic-migrations
backend/alembic/versions/f7a8b9c0d1e2_product_content_platform.py,tracked: clean,B,Alembic migration graph,backend/alembic/versions/a8b9c0d1e2f3_product_content_completion.py,yes,canonical Alembic revision,CLEAN,UNIQUE sha256:7b5aa93d55e35bd9,06-alembic-migrations
backend/app/__init__.py,tracked: clean,A,backend application: application,Python package discovery and Docker application image,yes,production application source,CLEAN,INTENTIONAL_EMPTY_PACKAGE_MARKER,01-core-security-pagination-and-observability
backend/app/api/__init__.py,tracked: clean,A,backend application: __init__.py,Python package discovery and Docker application image,yes,production application source,CLEAN,INTENTIONAL_EMPTY_PACKAGE_MARKER,01-core-security-pagination-and-observability
backend/app/api/router.py,tracked: clean,A,backend application: router.py,backend/app/main.py; backend/tests/test_module_boundaries.py,yes,production application source,CLEAN,UNIQUE sha256:33ca7b0540fc940a,01-core-security-pagination-and-observability
backend/app/api/routes/__init__.py,tracked: clean,A,backend application: routes,Python package discovery and Docker application image,yes,production application source,CLEAN,INTENTIONAL_EMPTY_PACKAGE_MARKER,01-core-security-pagination-and-observability
backend/app/api/routes/auth.py,tracked: clean,A,backend application: routes,backend/app/api/router.py,yes,production application source,CLEAN,UNIQUE sha256:051aacca5f3d0004,01-core-security-pagination-and-observability
backend/app/api/routes/health.py,tracked: clean,A,backend application: routes,backend/app/api/router.py,yes,production application source,CLEAN,UNIQUE sha256:7f0d39bd288a25fc,01-core-security-pagination-and-observability
backend/app/core/__init__.py,tracked: clean,A,backend application: __init__.py,backend/tests/test_supplier_sources.py,yes,production application source,CLEAN,INTENTIONAL_EMPTY_PACKAGE_MARKER,01-core-security-pagination-and-observability
backend/app/core/api_pagination.py,tracked: clean,A,backend application: api_pagination.py,backend/app/modules/catalog/routers/product_attributes.py; backend/app/modules/product_content/routers/documents.py; backend/app/modules/product_content/routers/landing_pages.py; backend/app/modules/product_content/routers/library.py; backend/app/modules/product_content/routers/product_content.py; backend/app/modules/product_content/routers/prompts.py; backend/app/modules/product_content/routers/scoring.py; backend/app/modules/product_content/routers/seo.py; backend/app/modules/product_content/routers/videos.py,yes,production application source,CLEAN,UNIQUE sha256:0d75da1fdea10a6d,01-core-security-pagination-and-observability
backend/app/core/base64url.py,tracked: clean,A,backend application: base64url.py,backend/app/core/pagination.py; backend/app/core/security.py,yes,production application source,CLEAN,UNIQUE sha256:9c82a676966d1edf,01-core-security-pagination-and-observability
backend/app/core/config.py,tracked: unstaged changes,A,backend application: config.py,backend/alembic/env.py; backend/app/api/routes/health.py; backend/app/core/logging.py; backend/app/core/pagination.py; backend/app/core/security.py; backend/app/db/engine.py; backend/app/main.py; backend/app/modules/product_content/completion.py; backend/app/modules/suppliers/acquisition_service.py; backend/app/modules/suppliers/acquisition_service_support.py; backend/app/modules/suppliers/api_process_service.py; backend/app/modules/suppliers/api_router.py; backend/app/modules/suppliers/api_service.py; backend/app/modules/suppliers/delta_calculator.py; backend/app/modules/suppliers/delta_change_policy.py; backend/app/modules/suppliers/delta_identifier_policy.py; backend/app/modules/suppliers/delta_service.py; backend/app/modules/suppliers/incident_support.py; backend/app/modules/suppliers/incident_sync_service.py; backend/app/modules/suppliers/pipeline_orchestrator_support.py; backend/app/modules/suppliers/snapshot_archive_format.py; backend/app/modules/suppliers/snapshot_archive_service.py; backend/app/modules/suppliers/snapshot_archive_support.py; backend/app/modules/suppliers/snapshot_candidate_service.py; backend/app/modules/suppliers/snapshot_images.py; backend/app/modules/suppliers/snapshot_service.py; backend/app/modules/suppliers/source_artifact_service.py; backend/app/modules/suppliers/source_probe_service.py; backend/app/modules/suppliers/source_router.py; backend/app/modules/suppliers/source_secrets.py; backend/tests/test_attribute_concurrency_matrix.py; backend/tests/test_database_failure_injection.py; backend/tests/test_execution_concurrency_matrix.py; backend/tests/test_execution_postgres_integration.py; backend/tests/test_persistent_local_secrets.py; backend/tests/test_product_content_completion.py; backend/tests/test_product_content_concurrency_matrix.py; backend/tests/test_product_content_postgres_integration.py; backend/tests/test_rate_limit_redis.py; backend/tests/test_security_completion.py; backend/tests/test_security_foundation.py; backend/tests/test_supplier_acquisition_integration.py; backend/tests/test_supplier_administration.py; backend/tests/test_supplier_api_consolidation.py; backend/tests/test_supplier_delta_integration.py; backend/tests/test_supplier_delta_units.py; backend/tests/test_supplier_incident_integration.py; backend/tests/test_supplier_mapping_profiles.py; backend/tests/test_supplier_migration.py; backend/tests/test_supplier_schema_profiles.py; backend/tests/test_supplier_snapshot_integration.py; backend/tests/test_supplier_sources.py,yes,production application source,SYNTHETIC_TEST_LITERAL_ONLY:literal-credential,UNIQUE sha256:df1cbbdbe96c84ee,01-core-security-pagination-and-observability
backend/app/core/errors.py,tracked: clean,A,backend application: errors.py,backend/app/core/middleware.py; backend/app/core/observability.py; backend/app/core/rate_limit.py; backend/app/main.py; backend/tests/test_rate_limit_redis.py; backend/tests/test_security_observability.py,yes,production application source,CLEAN,UNIQUE sha256:6f3e1ea041419342,01-core-security-pagination-and-observability
backend/app/core/keyset_pagination.py,tracked: clean,A,backend application: keyset_pagination.py,backend/app/core/api_pagination.py; backend/app/modules/catalog/routers/products.py; backend/app/modules/execution/router.py; backend/app/modules/inventory/router.py; backend/app/modules/suppliers/source_router.py; backend/app/modules/suppliers/supplier_router.py; backend/tests/test_remaining_list_pagination.py,yes,production application source,CLEAN,UNIQUE sha256:ef256f06de983ece,01-core-security-pagination-and-observability
backend/app/core/limits.py,tracked: clean,A,backend application: limits.py,backend/app/core/pagination.py; backend/app/modules/catalog/router.py; backend/app/modules/catalog/routers/attribute_platform.py; backend/app/modules/catalog/routers/attribute_types.py; backend/app/modules/catalog/routers/product_attributes.py; backend/app/modules/catalog/routers/products.py; backend/app/modules/catalog/schemas/attribute_platform.py; backend/app/modules/catalog/schemas/attribute_types.py; backend/app/modules/catalog/schemas/attributes.py; backend/app/modules/catalog/schemas/categories.py; backend/app/modules/catalog/schemas/product_attributes.py; backend/app/modules/execution/router.py; backend/app/modules/execution/schemas.py; backend/app/modules/inventory/inventory_service_support.py; backend/app/modules/inventory/router.py; backend/app/modules/inventory/schemas.py; backend/app/modules/product_content/routers/content_types.py; backend/app/modules/product_content/routers/documents.py; backend/app/modules/product_content/routers/landing_pages.py; backend/app/modules/product_content/routers/languages.py; backend/app/modules/product_content/routers/library.py; backend/app/modules/product_content/routers/product_content.py; backend/app/modules/product_content/routers/prompts.py; backend/app/modules/product_content/routers/scoring.py; backend/app/modules/product_content/routers/search.py; backend/app/modules/product_content/routers/seo.py; backend/app/modules/product_content/routers/templates.py; backend/app/modules/product_content/routers/videos.py; backend/app/modules/product_content/schemas.py; backend/app/modules/suppliers/acquisition_query_router.py; backend/app/modules/suppliers/acquisition_schemas.py; backend/app/modules/suppliers/api_router.py; backend/app/modules/suppliers/contact_router.py; backend/app/modules/suppliers/delta_router.py; backend/app/modules/suppliers/incident_router.py; backend/app/modules/suppliers/incident_rule_router.py; backend/app/modules/suppliers/mapping_profile_router.py; backend/app/modules/suppliers/mapping_profile_schemas.py; backend/app/modules/suppliers/mapping_rule_schemas.py; backend/app/modules/suppliers/schedule_router.py; backend/app/modules/suppliers/schedule_schemas.py; backend/app/modules/suppliers/schema_field_schemas.py; backend/app/modules/suppliers/schema_profile_router.py; backend/app/modules/suppliers/schema_profile_schemas.py; backend/app/modules/suppliers/schemas.py; backend/app/modules/suppliers/snapshot_query_router.py; backend/app/modules/suppliers/source_router.py; backend/app/modules/suppliers/source_schemas.py; backend/app/modules/suppliers/supplier_router.py; backend/tests/test_inventory_transactions.py; backend/tests/test_request_boundary_completion.py,yes,production application source,CLEAN,UNIQUE sha256:af46c1ea567fe6f8,01-core-security-pagination-and-observability
backend/app/core/logging.py,tracked: clean,A,backend application: logging.py,backend/app/main.py,yes,production application source,CLEAN,UNIQUE sha256:1ab5d645a7ee8f34,01-core-security-pagination-and-observability
backend/app/core/middleware.py,tracked: clean,A,backend application: middleware.py,backend/app/main.py,yes,production application source,CLEAN,UNIQUE sha256:029e1b030769cfb8,01-core-security-pagination-and-observability
backend/app/core/observability.py,tracked: clean,A,backend application: observability.py,backend/app/core/rate_limit.py; backend/app/main.py; backend/tests/test_rate_limit_redis.py; backend/tests/test_security_observability.py,yes,production application source,CLEAN,UNIQUE sha256:1f1932f00ca2cc4a,01-core-security-pagination-and-observability
backend/app/core/pagination.py,tracked: clean,A,backend application: pagination.py,backend/app/core/api_pagination.py; backend/app/core/keyset_pagination.py; backend/app/modules/catalog/attribute_query_service.py; backend/app/modules/catalog/routers/products.py; backend/app/modules/execution/router.py; backend/app/modules/inventory/router.py; backend/app/modules/suppliers/source_router.py; backend/app/modules/suppliers/supplier_router.py; backend/tests/test_keyset_list_pagination.py; backend/tests/test_remaining_list_pagination.py; backend/tests/test_request_boundary_completion.py,yes,production application source,CLEAN,UNIQUE sha256:020579363efe1808,01-core-security-pagination-and-observability
backend/app/core/rate_limit.py,tracked: clean,A,backend application: rate_limit.py,backend/app/main.py; backend/tests/test_rate_limit_redis.py; backend/tests/test_security_observability.py,yes,production application source,CLEAN,UNIQUE sha256:11a76768d39ab13a,01-core-security-pagination-and-observability
backend/app/core/security.py,tracked: clean,A,backend application: security.py,backend/app/api/router.py; backend/app/api/routes/auth.py; backend/app/core/observability.py; backend/app/core/rate_limit.py; backend/app/main.py; backend/app/modules/catalog/product_attribute_value_service.py; backend/app/modules/execution/repository.py; backend/app/modules/inventory/movement_service.py; backend/app/modules/product_content/revision_service.py; backend/app/modules/product_content/routers/preview.py; backend/app/modules/suppliers/api_service.py; backend/app/modules/suppliers/delta_service.py; backend/app/modules/suppliers/incident_service.py; backend/app/modules/suppliers/incident_support.py; backend/app/modules/suppliers/pipeline_run_service.py; backend/app/modules/suppliers/schedule_service.py; backend/app/modules/suppliers/schema_profile_service.py; backend/app/modules/suppliers/service.py; backend/app/modules/suppliers/snapshot_archive_service.py; backend/app/modules/suppliers/snapshot_service.py; backend/app/modules/suppliers/source_management/implementation.py; backend/tests/test_attribute_platform_completion.py; backend/tests/test_catalog_crud.py; backend/tests/test_execution_api.py; backend/tests/test_inventory_concurrency_matrix.py; backend/tests/test_inventory_crud.py; backend/tests/test_inventory_movements.py; backend/tests/test_inventory_reservations.py; backend/tests/test_keyset_list_pagination.py; backend/tests/test_module_boundaries.py; backend/tests/test_optimistic_concurrency.py; backend/tests/test_persistent_local_secrets.py; backend/tests/test_product_attribute_system.py; backend/tests/test_product_content_completion.py; backend/tests/test_product_content_platform.py; backend/tests/test_product_content_quality.py; backend/tests/test_rate_limit_redis.py; backend/tests/test_resolved_attribute_pagination.py; backend/tests/test_security_completion.py; backend/tests/test_security_foundation.py; backend/tests/test_security_observability.py; backend/tests/test_supplier_acquisition_architecture.py; backend/tests/test_supplier_acquisition_integration.py; backend/tests/test_supplier_administration.py; backend/tests/test_supplier_delta_architecture.py; backend/tests/test_supplier_incident_architecture.py; backend/tests/test_supplier_mapping_profiles.py; backend/tests/test_supplier_schema_profiles.py; backend/tests/test_supplier_snapshot_architecture.py; backend/tests/test_supplier_snapshot_integration.py; backend/tests/test_supplier_sources.py,yes,production application source,CLEAN,UNIQUE sha256:d27f4b7363fb0455,01-core-security-pagination-and-observability
backend/app/db/__init__.py,tracked: clean,A,backend application: __init__.py,backend/alembic/env.py,yes,production application source,CLEAN,UNIQUE sha256:a574e3bcd3016263,01-core-security-pagination-and-observability
backend/app/db/base.py,tracked: clean,A,backend application: base.py,backend/app/db/__init__.py; backend/app/modules/catalog/attribute_models.py; backend/app/modules/catalog/models.py; backend/app/modules/catalog/platform_models.py; backend/app/modules/execution/models.py; backend/app/modules/inventory/models.py; backend/app/modules/product_content/models.py; backend/app/modules/suppliers/acquisition_models.py; backend/app/modules/suppliers/delta_models.py; backend/app/modules/suppliers/incident_models.py; backend/app/modules/suppliers/mapping_profile_models.py; backend/app/modules/suppliers/models.py; backend/app/modules/suppliers/pipeline_models.py; backend/app/modules/suppliers/schema_profile_models.py; backend/app/modules/suppliers/snapshot_models.py,yes,production application source,CLEAN,UNIQUE sha256:d4d10f200c62d540,01-core-security-pagination-and-observability
backend/app/db/engine.py,tracked: clean,A,backend application: engine.py,backend/app/db/__init__.py; backend/app/db/session.py,yes,production application source,CLEAN,UNIQUE sha256:41974049d74123ac,01-core-security-pagination-and-observability
backend/app/db/mixins.py,tracked: clean,A,backend application: mixins.py,backend/app/db/__init__.py; backend/app/modules/catalog/attribute_models.py; backend/app/modules/catalog/models.py; backend/app/modules/catalog/platform_models.py; backend/app/modules/execution/models.py; backend/app/modules/inventory/models.py; backend/app/modules/product_content/models.py; backend/app/modules/suppliers/acquisition_models.py; backend/app/modules/suppliers/delta_models.py; backend/app/modules/suppliers/incident_models.py; backend/app/modules/suppliers/mapping_profile_models.py; backend/app/modules/suppliers/models.py; backend/app/modules/suppliers/pipeline_models.py; backend/app/modules/suppliers/schema_profile_models.py; backend/app/modules/suppliers/snapshot_models.py,yes,production application source,CLEAN,UNIQUE sha256:938cfddfbb621886,01-core-security-pagination-and-observability
backend/app/db/session.py,tracked: clean,A,backend application: session.py,backend/app/db/__init__.py; backend/app/modules/catalog/router.py; backend/app/modules/catalog/routers/attribute_platform.py; backend/app/modules/catalog/routers/attribute_types.py; backend/app/modules/catalog/routers/product_attributes.py; backend/app/modules/catalog/routers/products.py; backend/app/modules/catalog/seed_attributes.py; backend/app/modules/execution/router.py; backend/app/modules/execution/worker.py; backend/app/modules/inventory/router.py; backend/app/modules/product_content/routers/content_types.py; backend/app/modules/product_content/routers/documents.py; backend/app/modules/product_content/routers/landing_pages.py; backend/app/modules/product_content/routers/languages.py; backend/app/modules/product_content/routers/library.py; backend/app/modules/product_content/routers/preview.py; backend/app/modules/product_content/routers/product_content.py; backend/app/modules/product_content/routers/prompts.py; backend/app/modules/product_content/routers/scoring.py; backend/app/modules/product_content/routers/search.py; backend/app/modules/product_content/routers/seo.py; backend/app/modules/product_content/routers/templates.py; backend/app/modules/product_content/routers/usage.py; backend/app/modules/product_content/routers/videos.py; backend/app/modules/suppliers/acquisition_execution_router.py; backend/app/modules/suppliers/acquisition_query_router.py; backend/app/modules/suppliers/api_router.py; backend/app/modules/suppliers/contact_router.py; backend/app/modules/suppliers/delta_router.py; backend/app/modules/suppliers/incident_router.py; backend/app/modules/suppliers/incident_rule_router.py; backend/app/modules/suppliers/incident_sync_router.py; backend/app/modules/suppliers/incident_workflow_router.py; backend/app/modules/suppliers/mapping_profile_router.py; backend/app/modules/suppliers/mapping_rule_router.py; backend/app/modules/suppliers/pipeline_worker.py; backend/app/modules/suppliers/schedule_router.py; backend/app/modules/suppliers/schema_field_router.py; backend/app/modules/suppliers/schema_profile_router.py; backend/app/modules/suppliers/snapshot_archive_router.py; backend/app/modules/suppliers/snapshot_execution_router.py; backend/app/modules/suppliers/snapshot_query_router.py; backend/app/modules/suppliers/source_router.py; backend/app/modules/suppliers/supplier_router.py; backend/tests/test_optimistic_concurrency.py,yes,production application source,CLEAN,UNIQUE sha256:74d3158c616a2f8a,01-core-security-pagination-and-observability
backend/app/main.py,tracked: clean,A,backend application: application,backend/scripts/generate_contract_reports.py; backend/tests/test_api_contract_matrix.py; backend/tests/test_execution_api.py; backend/tests/test_health.py; backend/tests/test_module_boundaries.py; backend/tests/test_product_content_openapi_contract.py; backend/tests/test_remaining_list_pagination.py; backend/tests/test_request_boundary_completion.py; backend/tests/test_security_foundation.py; backend/tests/test_security_observability.py; backend/tests/test_supplier_acquisition_architecture.py; backend/tests/test_supplier_administration.py; backend/tests/test_supplier_api_consolidation.py; backend/tests/test_supplier_delta_architecture.py; backend/tests/test_supplier_incident_architecture.py; backend/tests/test_supplier_mapping_architecture.py; backend/tests/test_supplier_schema_architecture.py; backend/tests/test_supplier_snapshot_architecture.py; backend/tests/test_supplier_sources.py,yes,production application source,CLEAN,UNIQUE sha256:a37bee9a1206453e,01-core-security-pagination-and-observability
backend/app/modules/__init__.py,tracked: clean,A,backend application: __init__.py,Python package discovery and Docker application image,yes,production application source,CLEAN,INTENTIONAL_EMPTY_PACKAGE_MARKER,01-core-security-pagination-and-observability
backend/app/modules/catalog/__init__.py,tracked: clean,A,backend application: catalog,backend/alembic/env.py; backend/tests/test_product_attribute_system.py,yes,production application source,CLEAN,UNIQUE sha256:9bf23bcac55963b8,02-catalog-and-product-attributes
backend/app/modules/catalog/attribute_definition_repository.py,tracked: clean,A,backend application: catalog,backend/app/modules/catalog/attribute_repository.py; backend/tests/test_product_attribute_decomposition.py,yes,production application source,CLEAN,UNIQUE sha256:ecc9db205125e089,02-catalog-and-product-attributes
backend/app/modules/catalog/attribute_definition_service.py,tracked: clean,A,backend application: catalog,backend/app/modules/catalog/attribute_service.py; backend/tests/test_product_attribute_decomposition.py,yes,production application source,CLEAN,UNIQUE sha256:b044cf744be79776,02-catalog-and-product-attributes
backend/app/modules/catalog/attribute_dependency_service.py,tracked: clean,A,backend application: catalog,backend/app/modules/catalog/platform_service.py; backend/tests/test_attribute_platform_decomposition.py,yes,production application source,CLEAN,UNIQUE sha256:2d777d7621d933c2,02-catalog-and-product-attributes
backend/app/modules/catalog/attribute_family_service.py,tracked: clean,A,backend application: catalog,backend/app/modules/catalog/platform_service.py; backend/tests/test_attribute_platform_decomposition.py,yes,production application source,CLEAN,UNIQUE sha256:70218166889426e0,02-catalog-and-product-attributes
backend/app/modules/catalog/attribute_formula_service.py,tracked: clean,A,backend application: catalog,backend/app/modules/catalog/platform_service.py; backend/tests/test_attribute_platform_decomposition.py,yes,production application source,CLEAN,UNIQUE sha256:468ee4d4ce2be824,02-catalog-and-product-attributes
backend/app/modules/catalog/attribute_models.py,tracked: clean,A,backend application: catalog,backend/app/modules/catalog/attribute_definition_repository.py; backend/app/modules/catalog/attribute_definition_service.py; backend/app/modules/catalog/attribute_option_repository.py; backend/app/modules/catalog/attribute_option_service.py; backend/app/modules/catalog/attribute_orchestration.py; backend/app/modules/catalog/attribute_query_service.py; backend/app/modules/catalog/attribute_repository_support.py; backend/app/modules/catalog/attribute_service_support.py; backend/app/modules/catalog/attribute_usage_service.py; backend/app/modules/catalog/attribute_validation.py; backend/app/modules/catalog/attribute_value_mutation_service.py; backend/app/modules/catalog/category_attribute_service.py; backend/app/modules/catalog/models.py; backend/app/modules/catalog/product_attribute_value_repository.py; backend/app/modules/catalog/product_attribute_value_service.py; backend/app/modules/catalog/routers/product_attributes.py; backend/app/modules/product_content/scoring_repository.py; backend/tests/test_attribute_concurrency_matrix.py; backend/tests/test_product_attribute_system.py,yes,production application source,CLEAN,UNIQUE sha256:e5f8373bc1fa7141,02-catalog-and-product-attributes
backend/app/modules/catalog/attribute_option_repository.py,tracked: clean,A,backend application: catalog,backend/app/modules/catalog/attribute_repository.py; backend/tests/test_product_attribute_decomposition.py,yes,production application source,CLEAN,UNIQUE sha256:2b70a30c78efbd36,02-catalog-and-product-attributes
backend/app/modules/catalog/attribute_option_service.py,tracked: clean,A,backend application: catalog,backend/app/modules/catalog/attribute_service.py; backend/tests/test_product_attribute_decomposition.py,yes,production application source,CLEAN,UNIQUE sha256:4e405e5de50a1c8c,02-catalog-and-product-attributes
backend/app/modules/catalog/attribute_orchestration.py,tracked: clean,A,backend application: catalog,backend/app/modules/catalog/routers/product_attributes.py; backend/tests/test_attribute_concurrency_matrix.py,yes,production application source,CLEAN,UNIQUE sha256:3bf63f1b0e72f993,02-catalog-and-product-attributes
backend/app/modules/catalog/attribute_platform_repository.py,tracked: clean,A,backend application: catalog,backend/app/modules/catalog/attribute_repository.py; backend/tests/test_product_attribute_decomposition.py,yes,production application source,CLEAN,UNIQUE sha256:7d7068fc30381566,02-catalog-and-product-attributes
backend/app/modules/catalog/attribute_prompt_service.py,tracked: clean,A,backend application: catalog,backend/app/modules/catalog/platform_service.py; backend/tests/test_attribute_platform_decomposition.py,yes,production application source,CLEAN,UNIQUE sha256:25d458b24844cb36,02-catalog-and-product-attributes
backend/app/modules/catalog/attribute_query_service.py,tracked: clean,A,backend application: catalog,backend/app/modules/catalog/product_attribute_value_service.py; backend/scripts/benchmark_resolved_attributes.py,yes,production application source,CLEAN,UNIQUE sha256:6150ae9234e3ae92,02-catalog-and-product-attributes
backend/app/modules/catalog/attribute_repository.py,tracked: clean,A,backend application: catalog,backend/app/modules/catalog/attribute_query_service.py; backend/app/modules/catalog/attribute_service_support.py; backend/app/modules/catalog/platform_service_support.py; backend/app/modules/catalog/routers/product_attributes.py; backend/tests/test_product_attribute_decomposition.py,yes,production application source,CLEAN,UNIQUE sha256:02b8f4304cc1ff01,02-catalog-and-product-attributes
backend/app/modules/catalog/attribute_repository_support.py,tracked: clean,A,backend application: catalog,backend/app/modules/catalog/attribute_definition_repository.py; backend/app/modules/catalog/attribute_option_repository.py; backend/app/modules/catalog/attribute_platform_repository.py; backend/app/modules/catalog/category_attribute_repository.py; backend/app/modules/catalog/product_attribute_value_repository.py,yes,production application source,CLEAN,UNIQUE sha256:fa9a857a50a4c82f,02-catalog-and-product-attributes
backend/app/modules/catalog/attribute_service.py,tracked: clean,A,backend application: catalog,backend/app/modules/catalog/attribute_orchestration.py; backend/app/modules/catalog/platform_service_support.py; backend/app/modules/catalog/routers/product_attributes.py; backend/app/modules/catalog/seed_attributes.py; backend/tests/test_attribute_concurrency_matrix.py; backend/tests/test_product_attribute_decomposition.py,yes,production application source,CLEAN,UNIQUE sha256:427643ea85cb8417,02-catalog-and-product-attributes
backend/app/modules/catalog/attribute_service_support.py,tracked: clean,A,backend application: catalog,backend/app/modules/catalog/attribute_definition_service.py; backend/app/modules/catalog/attribute_option_service.py; backend/app/modules/catalog/category_attribute_service.py; backend/app/modules/catalog/product_attribute_value_service.py,yes,production application source,CLEAN,UNIQUE sha256:fb61b8d6f82839e8,02-catalog-and-product-attributes
backend/app/modules/catalog/attribute_template_service.py,tracked: clean,A,backend application: catalog,backend/app/modules/catalog/platform_service.py; backend/tests/test_attribute_platform_decomposition.py,yes,production application source,CLEAN,UNIQUE sha256:690ff7f5bd94185e,02-catalog-and-product-attributes
backend/app/modules/catalog/attribute_usage_service.py,tracked: clean,A,backend application: catalog,backend/app/modules/catalog/platform_service.py; backend/tests/test_attribute_platform_decomposition.py,yes,production application source,CLEAN,UNIQUE sha256:5f48987a9966331c,02-catalog-and-product-attributes
backend/app/modules/catalog/attribute_validation.py,tracked: clean,A,backend application: catalog,backend/app/modules/catalog/attribute_service_support.py; backend/tests/test_product_attribute_system.py,yes,production application source,CLEAN,UNIQUE sha256:5cca8d4cc96401f3,02-catalog-and-product-attributes
backend/app/modules/catalog/attribute_value_mutation_service.py,tracked: clean,A,backend application: catalog,backend/app/modules/catalog/platform_service.py; backend/tests/test_attribute_mutation_critical_paths.py; backend/tests/test_attribute_platform_decomposition.py,yes,production application source,CLEAN,UNIQUE sha256:aef0968d667352cc,02-catalog-and-product-attributes
backend/app/modules/catalog/category_attribute_repository.py,tracked: clean,A,backend application: catalog,backend/app/modules/catalog/attribute_repository.py; backend/tests/test_product_attribute_decomposition.py,yes,production application source,CLEAN,UNIQUE sha256:df31e0651a3c71c5,02-catalog-and-product-attributes
backend/app/modules/catalog/category_attribute_service.py,tracked: clean,A,backend application: catalog,backend/app/modules/catalog/attribute_service.py; backend/tests/test_product_attribute_decomposition.py,yes,production application source,CLEAN,UNIQUE sha256:4069b8c9562325fe,02-catalog-and-product-attributes
backend/app/modules/catalog/category_repository.py,tracked: clean,A,backend application: catalog,backend/app/modules/catalog/repository.py; backend/tests/test_catalog_decomposition.py,yes,production application source,CLEAN,UNIQUE sha256:08c81ce237e9a4f2,02-catalog-and-product-attributes
backend/app/modules/catalog/category_service.py,tracked: clean,A,backend application: catalog,backend/app/modules/catalog/service.py; backend/tests/test_catalog_critical_paths.py; backend/tests/test_catalog_decomposition.py,yes,production application source,CLEAN,UNIQUE sha256:5e75f3a5b473a8e2,02-catalog-and-product-attributes
backend/app/modules/catalog/enums.py,tracked: clean,A,backend application: catalog,backend/app/modules/catalog/attribute_definition_service.py; backend/app/modules/catalog/attribute_query_service.py; backend/app/modules/catalog/attribute_validation.py; backend/app/modules/catalog/attribute_value_mutation_service.py; backend/app/modules/catalog/legacy_attribute_service.py; backend/app/modules/catalog/models.py; backend/app/modules/catalog/product_attribute_value_service.py; backend/app/modules/catalog/schemas/attribute_types.py; backend/app/modules/catalog/schemas/attributes.py; backend/app/modules/catalog/schemas/product_attributes.py; backend/app/modules/catalog/seed_attributes.py; backend/tests/test_attribute_concurrency_matrix.py; backend/tests/test_attribute_mutation_critical_paths.py; backend/tests/test_catalog_unit.py,yes,production application source,CLEAN,UNIQUE sha256:ea6bc54d26467b7f,02-catalog-and-product-attributes
backend/app/modules/catalog/formula_engine.py,tracked: clean,A,backend application: catalog,backend/app/modules/catalog/attribute_formula_service.py; backend/app/modules/catalog/platform_service_support.py; backend/tests/test_attribute_mutation_critical_paths.py; backend/tests/test_attribute_platform_completion.py,yes,production application source,CLEAN,UNIQUE sha256:45bf1faa7da0d5e5,02-catalog-and-product-attributes
backend/app/modules/catalog/legacy_attribute_repository.py,tracked: clean,A,backend application: catalog,backend/app/modules/catalog/repository.py; backend/tests/test_catalog_decomposition.py,yes,production application source,CLEAN,UNIQUE sha256:1c766f03ce87c3d8,02-catalog-and-product-attributes
backend/app/modules/catalog/legacy_attribute_service.py,tracked: clean,A,backend application: catalog,backend/app/modules/catalog/service.py; backend/tests/test_catalog_decomposition.py,yes,production application source,CLEAN,UNIQUE sha256:2152ee1e6d066e33,02-catalog-and-product-attributes
backend/app/modules/catalog/models.py,tracked: clean,A,backend application: catalog,backend/alembic/env.py; backend/app/modules/catalog/attribute_definition_repository.py; backend/app/modules/catalog/attribute_definition_service.py; backend/app/modules/catalog/attribute_dependency_service.py; backend/app/modules/catalog/attribute_family_service.py; backend/app/modules/catalog/attribute_formula_service.py; backend/app/modules/catalog/attribute_option_service.py; backend/app/modules/catalog/attribute_prompt_service.py; backend/app/modules/catalog/attribute_query_service.py; backend/app/modules/catalog/attribute_repository_support.py; backend/app/modules/catalog/attribute_template_service.py; backend/app/modules/catalog/attribute_usage_service.py; backend/app/modules/catalog/attribute_validation.py; backend/app/modules/catalog/attribute_value_mutation_service.py; backend/app/modules/catalog/category_attribute_repository.py; backend/app/modules/catalog/category_attribute_service.py; backend/app/modules/catalog/category_repository.py; backend/app/modules/catalog/category_service.py; backend/app/modules/catalog/legacy_attribute_repository.py; backend/app/modules/catalog/legacy_attribute_service.py; backend/app/modules/catalog/product_attribute_value_service.py; backend/app/modules/catalog/product_repository.py; backend/app/modules/catalog/product_service.py; backend/app/modules/catalog/routers/product_attributes.py; backend/app/modules/inventory/balance_repository.py; backend/app/modules/inventory/inventory_service_support.py; backend/app/modules/inventory/models.py; backend/app/modules/product_content/completion.py; backend/app/modules/product_content/library_service.py; backend/app/modules/product_content/query_services.py; backend/app/modules/product_content/reference_service.py; backend/app/modules/product_content/revision_service.py; backend/app/modules/product_content/scoring_repository.py; backend/app/modules/product_content/template_service.py; backend/scripts/benchmark_resolved_attributes.py; backend/tests/test_attribute_concurrency_matrix.py; backend/tests/test_database_failure_injection.py; backend/tests/test_optimistic_concurrency.py; backend/tests/test_product_attribute_system.py; backend/tests/test_product_content_concurrency_matrix.py; backend/tests/test_product_content_postgres_integration.py,yes,production application source,CLEAN,UNIQUE sha256:6cf02b88035f6ca1,02-catalog-and-product-attributes
backend/app/modules/catalog/platform_models.py,tracked: clean,A,backend application: catalog,backend/app/modules/catalog/attribute_definition_repository.py; backend/app/modules/catalog/attribute_dependency_service.py; backend/app/modules/catalog/attribute_family_service.py; backend/app/modules/catalog/attribute_formula_service.py; backend/app/modules/catalog/attribute_platform_repository.py; backend/app/modules/catalog/attribute_prompt_service.py; backend/app/modules/catalog/attribute_query_service.py; backend/app/modules/catalog/attribute_repository_support.py; backend/app/modules/catalog/attribute_template_service.py; backend/app/modules/catalog/attribute_usage_service.py; backend/app/modules/catalog/attribute_value_mutation_service.py; backend/app/modules/catalog/models.py; backend/app/modules/catalog/routers/attribute_platform.py; backend/tests/test_attribute_concurrency_matrix.py,yes,production application source,CLEAN,UNIQUE sha256:a5b5f62d3d9aa852,02-catalog-and-product-attributes
backend/app/modules/catalog/platform_service.py,tracked: clean,A,backend application: catalog,backend/app/modules/catalog/attribute_orchestration.py; backend/app/modules/catalog/routers/attribute_platform.py; backend/tests/test_attribute_concurrency_matrix.py; backend/tests/test_attribute_platform_decomposition.py,yes,production application source,CLEAN,UNIQUE sha256:1a8dddfe969c3b8d,02-catalog-and-product-attributes
backend/app/modules/catalog/platform_service_support.py,tracked: clean,A,backend application: catalog,backend/app/modules/catalog/attribute_dependency_service.py; backend/app/modules/catalog/attribute_family_service.py; backend/app/modules/catalog/attribute_formula_service.py; backend/app/modules/catalog/attribute_prompt_service.py; backend/app/modules/catalog/attribute_template_service.py; backend/app/modules/catalog/attribute_usage_service.py; backend/app/modules/catalog/attribute_value_mutation_service.py; backend/app/modules/catalog/platform_service.py; backend/tests/test_attribute_platform_decomposition.py,yes,production application source,CLEAN,UNIQUE sha256:16b2b7fdbc66fcd5,02-catalog-and-product-attributes
backend/app/modules/catalog/product_attribute_value_repository.py,tracked: clean,A,backend application: catalog,backend/app/modules/catalog/attribute_repository.py; backend/tests/test_product_attribute_decomposition.py,yes,production application source,CLEAN,UNIQUE sha256:e75efaacbc1cfdc4,02-catalog-and-product-attributes
backend/app/modules/catalog/product_attribute_value_service.py,tracked: clean,A,backend application: catalog,backend/app/modules/catalog/attribute_service.py; backend/tests/test_product_attribute_decomposition.py,yes,production application source,CLEAN,UNIQUE sha256:a9b6a6d8aaddcd74,02-catalog-and-product-attributes
backend/app/modules/catalog/product_repository.py,tracked: clean,A,backend application: catalog,backend/app/modules/catalog/repository.py; backend/tests/test_catalog_decomposition.py,yes,production application source,CLEAN,UNIQUE sha256:2e8ac74fbacad56b,02-catalog-and-product-attributes
backend/app/modules/catalog/product_service.py,tracked: clean,A,backend application: catalog,backend/app/modules/catalog/service.py; backend/tests/test_catalog_critical_paths.py; backend/tests/test_catalog_decomposition.py,yes,production application source,CLEAN,UNIQUE sha256:91c4d6f7e38d9427,02-catalog-and-product-attributes
backend/app/modules/catalog/repository.py,tracked: clean,A,backend application: catalog,backend/app/modules/catalog/category_service.py; backend/app/modules/catalog/legacy_attribute_service.py; backend/app/modules/catalog/product_service.py; backend/app/modules/catalog/router.py; backend/app/modules/catalog/routers/products.py; backend/tests/test_catalog_decomposition.py; backend/tests/test_catalog_transactions.py,yes,production application source,CLEAN,UNIQUE sha256:5c838124b7d5f4d1,02-catalog-and-product-attributes
backend/app/modules/catalog/router.py,tracked: clean,A,backend application: catalog,backend/app/api/router.py,yes,production application source,CLEAN,UNIQUE sha256:f1f9151fd28b5fac,02-catalog-and-product-attributes
backend/app/modules/catalog/routers/__init__.py,tracked: clean,A,backend application: catalog,backend/app/modules/catalog/router.py,yes,production application source,CLEAN,INTENTIONAL_EMPTY_PACKAGE_MARKER,02-catalog-and-product-attributes
backend/app/modules/catalog/routers/attribute_platform.py,tracked: clean,A,backend application: catalog,backend/app/modules/catalog/router.py,yes,production application source,CLEAN,UNIQUE sha256:b19cab541fab1049,02-catalog-and-product-attributes
backend/app/modules/catalog/routers/attribute_types.py,tracked: clean,A,backend application: catalog,backend/app/modules/catalog/router.py,yes,production application source,CLEAN,UNIQUE sha256:e244743700018e91,02-catalog-and-product-attributes
backend/app/modules/catalog/routers/product_attributes.py,tracked: clean,A,backend application: catalog,backend/app/modules/catalog/router.py,yes,production application source,CLEAN,UNIQUE sha256:ef18b2eaa033ce30,02-catalog-and-product-attributes
backend/app/modules/catalog/routers/products.py,tracked: clean,A,backend application: catalog,backend/app/modules/catalog/router.py,yes,production application source,CLEAN,UNIQUE sha256:fb97eccd23ad9dd8,02-catalog-and-product-attributes
backend/app/modules/catalog/schemas/__init__.py,tracked: clean,A,backend application: catalog,backend/app/modules/catalog/category_service.py; backend/app/modules/catalog/legacy_attribute_service.py; backend/app/modules/catalog/product_service.py; backend/app/modules/catalog/router.py; backend/app/modules/catalog/routers/attribute_types.py; backend/app/modules/catalog/routers/products.py; backend/tests/test_catalog_critical_paths.py; backend/tests/test_catalog_transactions.py; backend/tests/test_catalog_unit.py,yes,production application source,CLEAN,UNIQUE sha256:e8421b3411becdb6,02-catalog-and-product-attributes
backend/app/modules/catalog/schemas/attribute_platform.py,tracked: clean,A,backend application: catalog,backend/app/modules/catalog/attribute_dependency_service.py; backend/app/modules/catalog/attribute_family_service.py; backend/app/modules/catalog/attribute_formula_service.py; backend/app/modules/catalog/attribute_prompt_service.py; backend/app/modules/catalog/attribute_template_service.py; backend/app/modules/catalog/attribute_value_mutation_service.py; backend/app/modules/catalog/routers/attribute_platform.py; backend/tests/test_attribute_concurrency_matrix.py; backend/tests/test_attribute_mutation_critical_paths.py; backend/tests/test_request_boundary_completion.py,yes,production application source,CLEAN,UNIQUE sha256:ddf31be5e94e1cd2,02-catalog-and-product-attributes
backend/app/modules/catalog/schemas/attribute_types.py,tracked: clean,A,backend application: catalog,backend/app/modules/catalog/schemas/__init__.py,yes,production application source,CLEAN,UNIQUE sha256:4b5b4c70fde12c27,02-catalog-and-product-attributes
backend/app/modules/catalog/schemas/attributes.py,tracked: clean,A,backend application: catalog,backend/app/modules/catalog/schemas/__init__.py,yes,production application source,CLEAN,UNIQUE sha256:705bd0956cc4b9a2,02-catalog-and-product-attributes
backend/app/modules/catalog/schemas/categories.py,tracked: clean,A,backend application: catalog,backend/app/modules/catalog/schemas/__init__.py,yes,production application source,CLEAN,UNIQUE sha256:f9a3d919f347ab7b,02-catalog-and-product-attributes
backend/app/modules/catalog/schemas/product_attributes.py,tracked: clean,A,backend application: catalog,backend/app/modules/catalog/attribute_definition_service.py; backend/app/modules/catalog/attribute_option_service.py; backend/app/modules/catalog/attribute_orchestration.py; backend/app/modules/catalog/attribute_query_service.py; backend/app/modules/catalog/attribute_validation.py; backend/app/modules/catalog/attribute_value_mutation_service.py; backend/app/modules/catalog/category_attribute_service.py; backend/app/modules/catalog/product_attribute_value_service.py; backend/app/modules/catalog/routers/product_attributes.py; backend/app/modules/catalog/seed_attributes.py; backend/scripts/benchmark_resolved_attributes.py; backend/tests/test_attribute_concurrency_matrix.py; backend/tests/test_request_boundary_completion.py,yes,production application source,CLEAN,UNIQUE sha256:ad6e70b808b5a61c,02-catalog-and-product-attributes
backend/app/modules/catalog/schemas/products.py,tracked: clean,A,backend application: catalog,backend/app/modules/catalog/schemas/__init__.py,yes,production application source,CLEAN,UNIQUE sha256:8afad7d5d2185eed,02-catalog-and-product-attributes
backend/app/modules/catalog/seed_attributes.py,tracked: clean,A,backend application: catalog,backend/app/modules/catalog/routers/product_attributes.py,yes,production application source,CLEAN,UNIQUE sha256:a21ad30fdb0df233,02-catalog-and-product-attributes
backend/app/modules/catalog/service.py,tracked: clean,A,backend application: catalog,backend/app/modules/catalog/router.py; backend/app/modules/catalog/routers/attribute_types.py; backend/app/modules/catalog/routers/products.py; backend/tests/test_catalog_decomposition.py; backend/tests/test_catalog_transactions.py,yes,production application source,CLEAN,UNIQUE sha256:38ad2ed32da35a05,02-catalog-and-product-attributes
backend/app/modules/catalog/utils.py,tracked: clean,A,backend application: catalog,backend/app/modules/catalog/attribute_definition_service.py; backend/app/modules/catalog/attribute_family_service.py; backend/app/modules/catalog/attribute_template_service.py; backend/app/modules/catalog/category_service.py; backend/app/modules/catalog/legacy_attribute_service.py; backend/app/modules/catalog/product_service.py; backend/app/modules/catalog/seed_attributes.py; backend/app/modules/product_content/configuration_service.py; backend/app/modules/product_content/library_service.py; backend/app/modules/product_content/template_service.py; backend/tests/test_catalog_unit.py,yes,production application source,CLEAN,UNIQUE sha256:86789805bfde10ea,02-catalog-and-product-attributes
backend/app/modules/execution/__init__.py,tracked: clean,A,backend application: execution,backend/alembic/env.py; backend/tests/test_execution_unit.py; backend/tests/test_execution_worker.py,yes,production application source,CLEAN,INTENTIONAL_EMPTY_PACKAGE_MARKER,05-execution
backend/app/modules/execution/enums.py,tracked: clean,A,backend application: execution,backend/app/modules/execution/models.py; backend/app/modules/execution/repository.py; backend/app/modules/suppliers/pipeline_recovery_service.py; backend/tests/test_execution_concurrency_matrix.py; backend/tests/test_execution_postgres_integration.py; backend/tests/test_execution_unit.py; backend/tests/test_execution_worker.py; backend/tests/test_supplier_pipeline_units.py,yes,production application source,CLEAN,UNIQUE sha256:c882ee250c8d4188,05-execution
backend/app/modules/execution/handlers.py,tracked: clean,A,backend application: execution,backend/app/modules/execution/worker.py; backend/tests/test_execution_unit.py,yes,production application source,CLEAN,UNIQUE sha256:fc2ee31eca2beefb,05-execution
backend/app/modules/execution/models.py,tracked: clean,A,backend application: execution,backend/alembic/env.py; backend/app/modules/execution/repository.py; backend/app/modules/execution/service.py; backend/app/modules/execution/worker.py; backend/app/modules/suppliers/pipeline_recovery_service.py; backend/app/modules/suppliers/pipeline_repository.py; backend/app/modules/suppliers/pipeline_scheduler.py; backend/app/modules/suppliers/schedule_service.py; backend/tests/test_execution_concurrency_matrix.py; backend/tests/test_execution_postgres_integration.py; backend/tests/test_execution_unit.py; backend/tests/test_execution_worker.py,yes,production application source,CLEAN,UNIQUE sha256:88d4e7d659fbde51,05-execution
backend/app/modules/execution/protocols.py,tracked: clean,A,backend application: execution,backend/app/modules/execution/handlers.py; backend/app/modules/execution/worker.py; backend/app/modules/suppliers/pipeline_worker.py; backend/tests/test_execution_unit.py; backend/tests/test_execution_worker.py,yes,production application source,CLEAN,UNIQUE sha256:5a8ca9855c2dd3c0,05-execution
backend/app/modules/execution/repository.py,tracked: clean,A,backend application: execution,backend/app/modules/execution/service.py; backend/app/modules/execution/worker.py; backend/tests/test_execution_concurrency_matrix.py; backend/tests/test_execution_postgres_integration.py; backend/tests/test_execution_unit.py; backend/tests/test_execution_worker.py,yes,production application source,CLEAN,UNIQUE sha256:d9e96cc6f8e6c877,05-execution
backend/app/modules/execution/router.py,tracked: clean,A,backend application: execution,backend/app/api/router.py,yes,production application source,CLEAN,UNIQUE sha256:c254cc1a8e19a6bb,05-execution
backend/app/modules/execution/schemas.py,tracked: clean,A,backend application: execution,backend/app/modules/execution/repository.py; backend/app/modules/execution/router.py; backend/app/modules/execution/service.py; backend/tests/test_execution_concurrency_matrix.py; backend/tests/test_execution_postgres_integration.py; backend/tests/test_execution_unit.py; backend/tests/test_request_boundary_completion.py,yes,production application source,CLEAN,UNIQUE sha256:e04c71e54794a13b,05-execution
backend/app/modules/execution/service.py,tracked: clean,A,backend application: execution,backend/app/modules/execution/router.py; backend/tests/test_execution_concurrency_matrix.py; backend/tests/test_execution_postgres_integration.py; backend/tests/test_execution_unit.py,yes,production application source,CLEAN,UNIQUE sha256:82b4bec6060353d4,05-execution
backend/app/modules/execution/worker.py,tracked: clean,A,backend application: execution,backend/tests/test_execution_unit.py; backend/tests/test_execution_worker.py,yes,production application source,CLEAN,UNIQUE sha256:4726467a91b13a32,05-execution
backend/app/modules/inventory/__init__.py,tracked: clean,A,backend application: inventory,backend/alembic/env.py,yes,production application source,CLEAN,UNIQUE sha256:50aa8162a4d209b6,03-inventory
backend/app/modules/inventory/balance_repository.py,tracked: clean,A,backend application: inventory,backend/app/modules/inventory/repository.py; backend/tests/test_inventory_decomposition.py,yes,production application source,CLEAN,UNIQUE sha256:a5719054adcaf709,03-inventory
backend/app/modules/inventory/balance_service.py,tracked: clean,A,backend application: inventory,backend/app/modules/inventory/service.py; backend/tests/test_inventory_decomposition.py,yes,production application source,CLEAN,UNIQUE sha256:eb1a894e7f7687f1,03-inventory
backend/app/modules/inventory/enums.py,tracked: clean,A,backend application: inventory,backend/app/modules/inventory/inventory_service_support.py; backend/app/modules/inventory/models.py; backend/app/modules/inventory/movement_service.py; backend/app/modules/inventory/reservation_service.py; backend/app/modules/inventory/router.py; backend/app/modules/inventory/schemas.py; backend/tests/test_inventory_reservation_critical_paths.py,yes,production application source,CLEAN,UNIQUE sha256:7ad7aa9c32e3c416,03-inventory
backend/app/modules/inventory/inventory_service_support.py,tracked: clean,A,backend application: inventory,backend/app/modules/inventory/balance_service.py; backend/app/modules/inventory/movement_service.py; backend/app/modules/inventory/reservation_service.py; backend/app/modules/inventory/service.py,yes,production application source,CLEAN,UNIQUE sha256:834839eafd5b94ab,03-inventory
backend/app/modules/inventory/models.py,tracked: clean,A,backend application: inventory,backend/alembic/env.py; backend/app/modules/inventory/balance_repository.py; backend/app/modules/inventory/balance_service.py; backend/app/modules/inventory/inventory_service_support.py; backend/app/modules/inventory/movement_repository.py; backend/app/modules/inventory/movement_service.py; backend/app/modules/inventory/reservation_repository.py; backend/app/modules/inventory/reservation_service.py; backend/tests/test_inventory_reservation_critical_paths.py; backend/tests/test_inventory_transactions.py,yes,production application source,CLEAN,UNIQUE sha256:490d0f306b023cad,03-inventory
backend/app/modules/inventory/movement_repository.py,tracked: clean,A,backend application: inventory,backend/app/modules/inventory/repository.py; backend/tests/test_inventory_decomposition.py,yes,production application source,CLEAN,UNIQUE sha256:d14f56836f9a9b92,03-inventory
backend/app/modules/inventory/movement_service.py,tracked: clean,A,backend application: inventory,backend/app/modules/inventory/service.py; backend/tests/test_inventory_decomposition.py,yes,production application source,CLEAN,UNIQUE sha256:3e85ccf3c7afdaff,03-inventory
backend/app/modules/inventory/repository.py,tracked: clean,A,backend application: inventory,backend/app/modules/inventory/inventory_service_support.py; backend/app/modules/inventory/router.py; backend/tests/test_inventory_decomposition.py; backend/tests/test_inventory_transactions.py,yes,production application source,CLEAN,UNIQUE sha256:34c1cc145333e989,03-inventory
backend/app/modules/inventory/reservation_repository.py,tracked: clean,A,backend application: inventory,backend/app/modules/inventory/repository.py; backend/tests/test_inventory_decomposition.py,yes,production application source,CLEAN,UNIQUE sha256:a9f02e099f9f7370,03-inventory
backend/app/modules/inventory/reservation_service.py,tracked: clean,A,backend application: inventory,backend/app/modules/inventory/service.py; backend/tests/test_inventory_decomposition.py; backend/tests/test_inventory_reservation_critical_paths.py,yes,production application source,CLEAN,UNIQUE sha256:a47976b531094bbc,03-inventory
backend/app/modules/inventory/router.py,tracked: clean,A,backend application: inventory,backend/app/api/router.py; backend/tests/test_module_boundaries.py,yes,production application source,CLEAN,UNIQUE sha256:838ffdb7a65772bc,03-inventory
backend/app/modules/inventory/schemas.py,tracked: clean,A,backend application: inventory,backend/app/modules/inventory/balance_service.py; backend/app/modules/inventory/movement_service.py; backend/app/modules/inventory/reservation_service.py; backend/app/modules/inventory/router.py; backend/tests/test_inventory_reservation_critical_paths.py; backend/tests/test_inventory_transactions.py; backend/tests/test_request_boundary_completion.py,yes,production application source,CLEAN,UNIQUE sha256:d894afa4bba84081,03-inventory
backend/app/modules/inventory/service.py,tracked: clean,A,backend application: inventory,backend/app/modules/inventory/router.py; backend/tests/test_inventory_decomposition.py; backend/tests/test_inventory_transactions.py,yes,production application source,CLEAN,UNIQUE sha256:40379559b5911b36,03-inventory
backend/app/modules/product_content/__init__.py,tracked: clean,A,backend application: product_content,backend/alembic/env.py,yes,production application source,CLEAN,UNIQUE sha256:bfc801be98bb4b17,04-product-content
backend/app/modules/product_content/completion.py,tracked: clean,A,backend application: product_content,backend/app/modules/product_content/query_services.py; backend/tests/test_product_content_quality.py,yes,production application source,CLEAN,UNIQUE sha256:6ffeb565554ddebd,04-product-content
backend/app/modules/product_content/configuration_repository.py,tracked: clean,A,backend application: product_content,backend/app/modules/product_content/repositories.py; backend/tests/test_product_content_decomposition.py,yes,production application source,CLEAN,UNIQUE sha256:c9a9dd3df7207e4b,04-product-content
backend/app/modules/product_content/configuration_service.py,tracked: clean,A,backend application: product_content,backend/app/modules/product_content/services.py; backend/tests/test_product_content_decomposition.py,yes,production application source,CLEAN,UNIQUE sha256:d062b6a74771207b,04-product-content
backend/app/modules/product_content/constants.py,tracked: clean,A,backend application: product_content,backend/app/modules/product_content/completion.py; backend/app/modules/product_content/configuration_service.py; backend/app/modules/product_content/query_services.py; backend/app/modules/product_content/revision_service.py; backend/app/modules/product_content/routers/content_types.py; backend/app/modules/product_content/routers/documents.py; backend/app/modules/product_content/routers/landing_pages.py; backend/app/modules/product_content/routers/languages.py; backend/app/modules/product_content/routers/library.py; backend/app/modules/product_content/routers/product_content.py; backend/app/modules/product_content/routers/prompts.py; backend/app/modules/product_content/routers/scoring.py; backend/app/modules/product_content/routers/search.py; backend/app/modules/product_content/routers/seo.py; backend/app/modules/product_content/routers/templates.py; backend/app/modules/product_content/routers/videos.py; backend/app/modules/product_content/schemas.py; backend/app/modules/product_content/security.py; backend/tests/test_product_content_concurrency_matrix.py; backend/tests/test_product_content_revision_critical_paths.py,yes,production application source,CLEAN,UNIQUE sha256:b3e4bd5b92addb62,04-product-content
backend/app/modules/product_content/library_repository.py,tracked: clean,A,backend application: product_content,backend/app/modules/product_content/repositories.py; backend/tests/test_product_content_decomposition.py,yes,production application source,CLEAN,UNIQUE sha256:01b69189ee7c0d4c,04-product-content
backend/app/modules/product_content/library_service.py,tracked: clean,A,backend application: product_content,backend/app/modules/product_content/services.py; backend/tests/test_product_content_concurrency_matrix.py; backend/tests/test_product_content_decomposition.py,yes,production application source,CLEAN,UNIQUE sha256:c8b00cfb18833daf,04-product-content
backend/app/modules/product_content/models.py,tracked: clean,A,backend application: product_content,backend/alembic/env.py; backend/app/modules/product_content/completion.py; backend/app/modules/product_content/configuration_repository.py; backend/app/modules/product_content/configuration_service.py; backend/app/modules/product_content/library_repository.py; backend/app/modules/product_content/library_service.py; backend/app/modules/product_content/prompt_service.py; backend/app/modules/product_content/query_services.py; backend/app/modules/product_content/reference_service.py; backend/app/modules/product_content/repository.py; backend/app/modules/product_content/revision_repository.py; backend/app/modules/product_content/revision_service.py; backend/app/modules/product_content/routers/content_types.py; backend/app/modules/product_content/routers/landing_pages.py; backend/app/modules/product_content/routers/languages.py; backend/app/modules/product_content/routers/product_content.py; backend/app/modules/product_content/routers/seo.py; backend/app/modules/product_content/scoring_repository.py; backend/app/modules/product_content/service_support.py; backend/app/modules/product_content/template_service.py; backend/tests/test_product_content_completion.py; backend/tests/test_product_content_concurrency_matrix.py; backend/tests/test_product_content_postgres_integration.py; backend/tests/test_product_content_revision_critical_paths.py,yes,production application source,CLEAN,UNIQUE sha256:6f1f52f04ff4bfdf,04-product-content
backend/app/modules/product_content/prompt_service.py,tracked: clean,A,backend application: product_content,backend/app/modules/product_content/services.py; backend/tests/test_product_content_decomposition.py,yes,production application source,CLEAN,UNIQUE sha256:c19771ac66f83c4f,04-product-content
backend/app/modules/product_content/query_services.py,tracked: clean,A,backend application: product_content,backend/app/modules/product_content/routers/preview.py; backend/app/modules/product_content/routers/product_content.py; backend/app/modules/product_content/routers/scoring.py; backend/app/modules/product_content/routers/search.py; backend/app/modules/product_content/service.py; backend/tests/test_product_content_concurrency_matrix.py; backend/tests/test_product_content_postgres_integration.py,yes,production application source,CLEAN,UNIQUE sha256:504209f6bc099201,04-product-content
backend/app/modules/product_content/reference_service.py,tracked: clean,A,backend application: product_content,backend/app/modules/product_content/services.py; backend/tests/test_product_content_concurrency_matrix.py; backend/tests/test_product_content_decomposition.py,yes,production application source,CLEAN,UNIQUE sha256:0b51696f2d8498bf,04-product-content
backend/app/modules/product_content/repositories.py,tracked: clean,A,backend application: product_content,backend/app/modules/product_content/completion.py; backend/app/modules/product_content/query_services.py; backend/app/modules/product_content/repository.py; backend/app/modules/product_content/service_support.py; backend/tests/test_product_content_decomposition.py,yes,production application source,CLEAN,UNIQUE sha256:c650dde66276fcb9,04-product-content
backend/app/modules/product_content/repository.py,tracked: clean,A,backend application: product_content,Python package discovery and Docker application image,yes,production application source,CLEAN,UNIQUE sha256:86f2cc06f51fc89d,04-product-content
backend/app/modules/product_content/repository_support.py,tracked: clean,A,backend application: product_content,backend/app/modules/product_content/configuration_repository.py; backend/app/modules/product_content/library_repository.py; backend/app/modules/product_content/revision_repository.py; backend/app/modules/product_content/scoring_repository.py,yes,production application source,CLEAN,UNIQUE sha256:70d3ac2466c09411,04-product-content
backend/app/modules/product_content/revision_repository.py,tracked: clean,A,backend application: product_content,backend/app/modules/product_content/repositories.py; backend/tests/test_product_content_decomposition.py,yes,production application source,CLEAN,UNIQUE sha256:2629ce7d8bd766dc,04-product-content
backend/app/modules/product_content/revision_service.py,tracked: clean,A,backend application: product_content,backend/app/modules/product_content/services.py; backend/tests/test_product_content_concurrency_matrix.py; backend/tests/test_product_content_decomposition.py; backend/tests/test_product_content_revision_critical_paths.py,yes,production application source,CLEAN,UNIQUE sha256:42717a7957e48ba7,04-product-content
backend/app/modules/product_content/router.py,tracked: clean,A,backend application: product_content,backend/app/api/router.py,yes,production application source,CLEAN,UNIQUE sha256:569334699ffa1f1d,04-product-content
backend/app/modules/product_content/routers/__init__.py,tracked: clean,A,backend application: product_content,backend/app/modules/product_content/router.py,yes,production application source,CLEAN,UNIQUE sha256:087e611b39759d24,04-product-content
backend/app/modules/product_content/routers/admin.py,tracked: clean,A,backend application: product_content,backend/app/modules/product_content/routers/__init__.py,yes,production application source,CLEAN,UNIQUE sha256:4dc16cd509300987,04-product-content
backend/app/modules/product_content/routers/content_types.py,tracked: clean,A,backend application: product_content,backend/app/modules/product_content/routers/__init__.py,yes,production application source,CLEAN,UNIQUE sha256:36204f4498568a17,04-product-content
backend/app/modules/product_content/routers/documents.py,tracked: clean,A,backend application: product_content,backend/app/modules/product_content/routers/__init__.py,yes,production application source,CLEAN,UNIQUE sha256:edf16e9c8ded06f7,04-product-content
backend/app/modules/product_content/routers/landing_pages.py,tracked: clean,A,backend application: product_content,backend/app/modules/product_content/routers/__init__.py,yes,production application source,CLEAN,UNIQUE sha256:d6d6a83152bdd43b,04-product-content
backend/app/modules/product_content/routers/languages.py,tracked: clean,A,backend application: product_content,backend/app/modules/product_content/routers/__init__.py,yes,production application source,CLEAN,UNIQUE sha256:44ee4d50d311f158,04-product-content
backend/app/modules/product_content/routers/library.py,tracked: clean,A,backend application: product_content,backend/app/modules/product_content/routers/__init__.py,yes,production application source,CLEAN,UNIQUE sha256:9b81ae1c0ea0033b,04-product-content
backend/app/modules/product_content/routers/preview.py,tracked: clean,A,backend application: product_content,backend/app/modules/product_content/routers/__init__.py,yes,production application source,CLEAN,UNIQUE sha256:1312009693a9df36,04-product-content
backend/app/modules/product_content/routers/product_content.py,tracked: clean,A,backend application: product_content,backend/app/modules/product_content/routers/__init__.py,yes,production application source,CLEAN,UNIQUE sha256:b86d752ae4d45c03,04-product-content
backend/app/modules/product_content/routers/prompts.py,tracked: clean,A,backend application: product_content,backend/app/modules/product_content/routers/__init__.py,yes,production application source,CLEAN,UNIQUE sha256:f12af33c027cb1c9,04-product-content
backend/app/modules/product_content/routers/scoring.py,tracked: clean,A,backend application: product_content,backend/app/modules/product_content/routers/__init__.py,yes,production application source,CLEAN,UNIQUE sha256:318a156a326055bc,04-product-content
backend/app/modules/product_content/routers/search.py,tracked: clean,A,backend application: product_content,backend/app/modules/product_content/routers/__init__.py,yes,production application source,CLEAN,UNIQUE sha256:f91a1fffa7b49981,04-product-content
backend/app/modules/product_content/routers/seo.py,tracked: clean,A,backend application: product_content,backend/app/modules/product_content/routers/__init__.py,yes,production application source,CLEAN,UNIQUE sha256:eb5044fa73002f7d,04-product-content
backend/app/modules/product_content/routers/templates.py,tracked: clean,A,backend application: product_content,backend/app/modules/product_content/routers/__init__.py,yes,production application source,CLEAN,UNIQUE sha256:b8c0c60e08ddcb92,04-product-content
backend/app/modules/product_content/routers/usage.py,tracked: clean,A,backend application: product_content,backend/app/modules/product_content/routers/__init__.py,yes,production application source,CLEAN,UNIQUE sha256:6aa11349a67b1a9f,04-product-content
backend/app/modules/product_content/routers/videos.py,tracked: clean,A,backend application: product_content,backend/app/modules/product_content/routers/__init__.py,yes,production application source,CLEAN,UNIQUE sha256:4aef1ca10dbb370c,04-product-content
backend/app/modules/product_content/schemas.py,tracked: clean,A,backend application: product_content,backend/app/modules/product_content/completion.py; backend/app/modules/product_content/configuration_service.py; backend/app/modules/product_content/library_service.py; backend/app/modules/product_content/prompt_service.py; backend/app/modules/product_content/query_services.py; backend/app/modules/product_content/reference_service.py; backend/app/modules/product_content/revision_service.py; backend/app/modules/product_content/routers/content_types.py; backend/app/modules/product_content/routers/documents.py; backend/app/modules/product_content/routers/landing_pages.py; backend/app/modules/product_content/routers/languages.py; backend/app/modules/product_content/routers/library.py; backend/app/modules/product_content/routers/preview.py; backend/app/modules/product_content/routers/product_content.py; backend/app/modules/product_content/routers/prompts.py; backend/app/modules/product_content/routers/scoring.py; backend/app/modules/product_content/routers/seo.py; backend/app/modules/product_content/routers/templates.py; backend/app/modules/product_content/routers/videos.py; backend/app/modules/product_content/template_service.py; backend/tests/test_product_content_concurrency_matrix.py; backend/tests/test_product_content_postgres_integration.py; backend/tests/test_product_content_revision_critical_paths.py; backend/tests/test_request_boundary_completion.py,yes,production application source,CLEAN,UNIQUE sha256:498c0c72288fc57a,04-product-content
backend/app/modules/product_content/scoring_repository.py,tracked: clean,A,backend application: product_content,backend/app/modules/product_content/repositories.py; backend/tests/test_product_content_decomposition.py,yes,production application source,CLEAN,UNIQUE sha256:4ba2aaf289cf91c0,04-product-content
backend/app/modules/product_content/security.py,tracked: clean,A,backend application: product_content,backend/app/modules/product_content/completion.py; backend/tests/test_product_content_quality.py,yes,production application source,CLEAN,UNIQUE sha256:c98471e995142528,04-product-content
backend/app/modules/product_content/service.py,tracked: clean,A,backend application: product_content,Python package discovery and Docker application image,yes,production application source,CLEAN,UNIQUE sha256:485070b746bdb017,04-product-content
backend/app/modules/product_content/service_support.py,tracked: clean,A,backend application: product_content,backend/app/modules/product_content/configuration_service.py; backend/app/modules/product_content/library_service.py; backend/app/modules/product_content/prompt_service.py; backend/app/modules/product_content/reference_service.py; backend/app/modules/product_content/revision_service.py; backend/app/modules/product_content/services.py; backend/app/modules/product_content/template_service.py,yes,production application source,CLEAN,UNIQUE sha256:86da888ef38a42e0,04-product-content
backend/app/modules/product_content/services.py,tracked: clean,A,backend application: product_content,backend/app/modules/product_content/query_services.py; backend/app/modules/product_content/routers/content_types.py; backend/app/modules/product_content/routers/documents.py; backend/app/modules/product_content/routers/landing_pages.py; backend/app/modules/product_content/routers/languages.py; backend/app/modules/product_content/routers/library.py; backend/app/modules/product_content/routers/product_content.py; backend/app/modules/product_content/routers/prompts.py; backend/app/modules/product_content/routers/scoring.py; backend/app/modules/product_content/routers/seo.py; backend/app/modules/product_content/routers/templates.py; backend/app/modules/product_content/routers/usage.py; backend/app/modules/product_content/routers/videos.py; backend/app/modules/product_content/service.py; backend/tests/test_product_content_decomposition.py; backend/tests/test_product_content_postgres_integration.py,yes,production application source,CLEAN,UNIQUE sha256:2114eacf033a3d82,04-product-content
backend/app/modules/product_content/template_service.py,tracked: clean,A,backend application: product_content,backend/app/modules/product_content/services.py; backend/tests/test_product_content_concurrency_matrix.py; backend/tests/test_product_content_decomposition.py,yes,production application source,CLEAN,UNIQUE sha256:396c52e8322dde7b,04-product-content
backend/app/modules/suppliers/__init__.py,tracked: clean,A,backend application: suppliers,backend/alembic/env.py,yes,production application source,CLEAN,UNIQUE sha256:7c9ee8b1929670cc,01-core-security-pagination-and-observability
backend/app/modules/suppliers/acquisition_adapters.py,tracked: clean,A,backend application: suppliers,backend/app/modules/suppliers/acquisition_service_support.py; backend/app/modules/suppliers/pipeline_orchestrator_support.py; backend/app/modules/suppliers/source_probe_service.py; backend/tests/test_supplier_acquisition_units.py; backend/tests/test_supplier_ct_soap_source.py; backend/tests/test_supplier_mtls_source.py; backend/tests/test_supplier_pin_soap_source.py; backend/tests/test_supplier_source_probe.py,yes,production application source,CLEAN,UNIQUE sha256:b40926156799d733,01-core-security-pagination-and-observability
backend/app/modules/suppliers/acquisition_context.py,tracked: clean,A,backend application: suppliers,backend/app/modules/suppliers/acquisition_processing.py; backend/app/modules/suppliers/acquisition_service.py; backend/app/modules/suppliers/acquisition_service_support.py; backend/app/modules/suppliers/pipeline_service.py,yes,production application source,CLEAN,UNIQUE sha256:c4cc51b50f00f11d,01-core-security-pagination-and-observability
backend/app/modules/suppliers/acquisition_contracts.py,tracked: clean,A,backend application: suppliers,backend/app/modules/suppliers/acquisition_service.py; backend/app/modules/suppliers/acquisition_service_support.py; backend/app/modules/suppliers/acquisition_storage.py; backend/app/modules/suppliers/asbis_acquisition.py; backend/app/modules/suppliers/asbis_imap.py; backend/app/modules/suppliers/asbis_parsing.py; backend/app/modules/suppliers/ct_soap_acquisition.py; backend/app/modules/suppliers/kimtec_acquisition.py; backend/app/modules/suppliers/mtls_http_client.py; backend/app/modules/suppliers/pin_soap_acquisition.py; backend/app/modules/suppliers/pipeline_service.py; backend/app/modules/suppliers/portal_http_client.py; backend/app/modules/suppliers/schema_inference_engine.py; backend/app/modules/suppliers/schema_inference_service.py; backend/app/modules/suppliers/source_adapters/implementation.py; backend/app/modules/suppliers/source_artifact_service.py; backend/app/modules/suppliers/source_certificate_service.py; backend/app/modules/suppliers/source_management/implementation.py; backend/app/modules/suppliers/source_parsers/implementation.py; backend/app/modules/suppliers/source_probe_service.py; backend/app/modules/suppliers/source_router.py; backend/app/modules/suppliers/source_secrets.py; backend/tests/test_persistent_local_secrets.py; backend/tests/test_supplier_acquisition_units.py; backend/tests/test_supplier_asbis_source.py; backend/tests/test_supplier_ct_soap_source.py; backend/tests/test_supplier_mtls_source.py; backend/tests/test_supplier_pin_soap_source.py; backend/tests/test_supplier_schema_inference.py; backend/tests/test_supplier_source_probe.py,yes,production application source,CLEAN,UNIQUE sha256:c8bab8ede8428465,01-core-security-pagination-and-observability
backend/app/modules/suppliers/acquisition_execution_router.py,tracked: clean,A,backend application: suppliers,backend/app/modules/suppliers/router.py,yes,production application source,CLEAN,UNIQUE sha256:b6be96f1feb90d5d,01-core-security-pagination-and-observability
backend/app/modules/suppliers/acquisition_models.py,tracked: clean,A,backend application: suppliers,backend/alembic/env.py; backend/app/modules/suppliers/__init__.py; backend/app/modules/suppliers/acquisition_processing.py; backend/app/modules/suppliers/acquisition_query_service.py; backend/app/modules/suppliers/acquisition_repository.py; backend/app/modules/suppliers/acquisition_service.py; backend/app/modules/suppliers/acquisition_service_support.py; backend/app/modules/suppliers/api_process_service.py; backend/app/modules/suppliers/api_repository.py; backend/app/modules/suppliers/delta_repository.py; backend/app/modules/suppliers/incident_repository.py; backend/app/modules/suppliers/snapshot_repository.py; backend/tests/test_supplier_acquisition_architecture.py; backend/tests/test_supplier_acquisition_integration.py; backend/tests/test_supplier_acquisition_units.py; backend/tests/test_supplier_incident_integration.py; backend/tests/test_supplier_snapshot_integration.py,yes,production application source,CLEAN,UNIQUE sha256:70109fe3ef00febf,01-core-security-pagination-and-observability
backend/app/modules/suppliers/acquisition_parsers.py,tracked: clean,A,backend application: suppliers,backend/app/modules/suppliers/acquisition_service_support.py; backend/app/modules/suppliers/schema_inference_engine.py; backend/app/modules/suppliers/source_probe_service.py; backend/tests/test_supplier_acquisition_units.py,yes,production application source,CLEAN,UNIQUE sha256:63a4c1cd990273f1,01-core-security-pagination-and-observability
backend/app/modules/suppliers/acquisition_processing.py,tracked: unstaged changes,A,backend application: suppliers,backend/app/modules/suppliers/acquisition_service_support.py; backend/app/modules/suppliers/mapping_test_service.py; backend/tests/test_supplier_acquisition_units.py,yes,production application source,CLEAN,UNIQUE sha256:bff6e19fb5a99770,01-core-security-pagination-and-observability
backend/app/modules/suppliers/acquisition_query_router.py,tracked: clean,A,backend application: suppliers,backend/app/modules/suppliers/router.py,yes,production application source,CLEAN,UNIQUE sha256:070eaacb95ee365e,01-core-security-pagination-and-observability
backend/app/modules/suppliers/acquisition_query_service.py,tracked: clean,A,backend application: suppliers,backend/app/modules/suppliers/acquisition_query_router.py,yes,production application source,CLEAN,UNIQUE sha256:b19f21da41ab51c9,01-core-security-pagination-and-observability
backend/app/modules/suppliers/acquisition_repository.py,tracked: clean,A,backend application: suppliers,backend/app/modules/suppliers/acquisition_query_service.py; backend/app/modules/suppliers/acquisition_service_support.py,yes,production application source,CLEAN,UNIQUE sha256:38f845cc597bed0f,01-core-security-pagination-and-observability
backend/app/modules/suppliers/acquisition_schemas.py,tracked: clean,A,backend application: suppliers,backend/app/modules/suppliers/acquisition_execution_router.py; backend/app/modules/suppliers/acquisition_query_router.py,yes,production application source,CLEAN,UNIQUE sha256:c0dc52ed6bb61fb4,01-core-security-pagination-and-observability
backend/app/modules/suppliers/acquisition_service.py,tracked: clean,A,backend application: suppliers,backend/app/modules/suppliers/__init__.py; backend/app/modules/suppliers/acquisition_execution_router.py; backend/app/modules/suppliers/pipeline_service.py,yes,production application source,CLEAN,UNIQUE sha256:0761b787086c223f,01-core-security-pagination-and-observability
backend/app/modules/suppliers/acquisition_service_support.py,tracked: clean,A,backend application: suppliers,backend/app/modules/suppliers/acquisition_service.py,yes,production application source,CLEAN,UNIQUE sha256:a4ce8c1e0d3315e4,01-core-security-pagination-and-observability
backend/app/modules/suppliers/acquisition_storage.py,tracked: clean,A,backend application: suppliers,backend/app/modules/suppliers/acquisition_service_support.py; backend/app/modules/suppliers/snapshot_archive_support.py; backend/app/modules/suppliers/source_artifact_service.py; backend/tests/test_supplier_acquisition_units.py,yes,production application source,CLEAN,UNIQUE sha256:bbda182b3ec8c560,01-core-security-pagination-and-observability
backend/app/modules/suppliers/acquisition_transformations.py,tracked: clean,A,backend application: suppliers,backend/app/modules/suppliers/acquisition_processing.py; backend/app/modules/suppliers/mapping_test_service.py; backend/tests/test_supplier_acquisition_units.py,yes,production application source,CLEAN,UNIQUE sha256:0fc2a9972e4f1fe9,01-core-security-pagination-and-observability
backend/app/modules/suppliers/acquisition_validation.py,tracked: unstaged changes,A,backend application: suppliers,backend/app/modules/suppliers/acquisition_processing.py; backend/app/modules/suppliers/acquisition_transformations.py; backend/app/modules/suppliers/mapping_test_service.py; backend/tests/test_supplier_acquisition_units.py,yes,production application source,CLEAN,UNIQUE sha256:13f1a10ff91645fa,01-core-security-pagination-and-observability
backend/app/modules/suppliers/api_process_service.py,tracked: clean,A,backend application: suppliers,backend/app/modules/suppliers/api_service.py; backend/tests/test_supplier_source_probe.py,yes,production application source,CLEAN,UNIQUE sha256:ce5bebea10f04710,01-core-security-pagination-and-observability
backend/app/modules/suppliers/api_repository.py,tracked: clean,A,backend application: suppliers,backend/app/modules/suppliers/api_process_service.py; backend/app/modules/suppliers/api_service.py,yes,production application source,CLEAN,UNIQUE sha256:82641ce5f972a133,01-core-security-pagination-and-observability
backend/app/modules/suppliers/api_router.py,tracked: clean,A,backend application: suppliers,backend/app/modules/suppliers/router.py,yes,production application source,CLEAN,UNIQUE sha256:bdc43a3235b7f7e3,01-core-security-pagination-and-observability
backend/app/modules/suppliers/api_schemas.py,tracked: clean,A,backend application: suppliers,backend/app/modules/suppliers/api_process_service.py; backend/app/modules/suppliers/api_router.py; backend/app/modules/suppliers/api_service.py; backend/app/modules/suppliers/router.py,yes,production application source,CLEAN,UNIQUE sha256:eee04809f9c6635b,01-core-security-pagination-and-observability
backend/app/modules/suppliers/api_service.py,tracked: clean,A,backend application: suppliers,backend/app/modules/suppliers/__init__.py; backend/app/modules/suppliers/api_router.py,yes,production application source,CLEAN,UNIQUE sha256:8ceaee656b42416c,01-core-security-pagination-and-observability
backend/app/modules/suppliers/asbis_acquisition.py,untracked,A,backend application: suppliers,backend/app/modules/suppliers/source_adapters/implementation.py; backend/tests/test_supplier_asbis_source.py,yes,production application source,CLEAN,UNIQUE sha256:6e6387c89812a323,01-core-security-pagination-and-observability
backend/app/modules/suppliers/asbis_ean.py,untracked,A,backend application: suppliers,backend/app/modules/suppliers/asbis_acquisition.py; backend/tests/test_supplier_asbis_source.py,yes,production application source,CLEAN,UNIQUE sha256:2368ef09e4d00ee2,01-core-security-pagination-and-observability
backend/app/modules/suppliers/asbis_imap.py,untracked,A,backend application: suppliers,backend/app/modules/suppliers/asbis_acquisition.py; backend/tests/test_supplier_asbis_source.py,yes,production application source,CLEAN,UNIQUE sha256:87757a2d7394255b,01-core-security-pagination-and-observability
backend/app/modules/suppliers/asbis_parsing.py,untracked,A,backend application: suppliers,backend/app/modules/suppliers/asbis_acquisition.py; backend/tests/test_supplier_asbis_source.py,yes,production application source,CLEAN,UNIQUE sha256:b06059810bad727e,01-core-security-pagination-and-observability
backend/app/modules/suppliers/contact_router.py,tracked: clean,A,backend application: suppliers,backend/app/modules/suppliers/router.py,yes,production application source,CLEAN,UNIQUE sha256:1657c30417923ced,01-core-security-pagination-and-observability
backend/app/modules/suppliers/contact_service.py,tracked: clean,A,backend application: suppliers,backend/app/modules/suppliers/__init__.py; backend/app/modules/suppliers/contact_router.py; backend/tests/test_supplier_architecture.py,yes,production application source,CLEAN,UNIQUE sha256:a6219fe85e5d0db6,01-core-security-pagination-and-observability
backend/app/modules/suppliers/ct_soap_acquisition.py,tracked: clean,J,secret owner; not repository-owned,backend/app/modules/suppliers/source_adapters/implementation.py,no,sensitive content requires removal or explicit review,REVIEW_REQUIRED:literal-credential,UNIQUE sha256:2a9abd658db5089e,not-staged
backend/app/modules/suppliers/delta_anomalies.py,tracked: clean,A,backend application: suppliers,backend/app/modules/suppliers/delta_service.py; backend/tests/test_supplier_delta_units.py,yes,production application source,CLEAN,UNIQUE sha256:4ec91150fe9bb673,01-core-security-pagination-and-observability
backend/app/modules/suppliers/delta_calculator.py,untracked,A,backend application: suppliers,backend/app/modules/suppliers/delta_service.py,yes,production application source,CLEAN,UNIQUE sha256:cf28f42dea8ef521,01-core-security-pagination-and-observability
backend/app/modules/suppliers/delta_change_policy.py,untracked,A,backend application: suppliers,backend/app/modules/suppliers/delta_calculator.py,yes,production application source,CLEAN,UNIQUE sha256:58866051ea0c7462,01-core-security-pagination-and-observability
backend/app/modules/suppliers/delta_comparison.py,tracked: unstaged changes,A,backend application: suppliers,backend/app/modules/suppliers/delta_calculator.py; backend/app/modules/suppliers/delta_change_policy.py; backend/tests/test_supplier_delta_units.py,yes,production application source,CLEAN,UNIQUE sha256:2a90f28b42f7ec0f,01-core-security-pagination-and-observability
backend/app/modules/suppliers/delta_identifier_policy.py,untracked,A,backend application: suppliers,backend/app/modules/suppliers/delta_calculator.py; backend/app/modules/suppliers/delta_change_policy.py; backend/tests/test_supplier_delta_units.py,yes,production application source,CLEAN,UNIQUE sha256:83673e306628fdbd,01-core-security-pagination-and-observability
backend/app/modules/suppliers/delta_models.py,tracked: clean,A,backend application: suppliers,backend/alembic/env.py; backend/app/modules/suppliers/__init__.py; backend/app/modules/suppliers/api_repository.py; backend/app/modules/suppliers/delta_calculator.py; backend/app/modules/suppliers/delta_change_policy.py; backend/app/modules/suppliers/delta_query_service.py; backend/app/modules/suppliers/delta_repository.py; backend/app/modules/suppliers/delta_service.py; backend/app/modules/suppliers/incident_repository.py; backend/tests/test_downstream_publication_policy.py; backend/tests/test_supplier_api_consolidation.py; backend/tests/test_supplier_delta_architecture.py; backend/tests/test_supplier_incident_integration.py; backend/tests/test_supplier_snapshot_integration.py,yes,production application source,CLEAN,UNIQUE sha256:b68645d52bcdb1a1,01-core-security-pagination-and-observability
backend/app/modules/suppliers/delta_query_service.py,tracked: clean,A,backend application: suppliers,backend/app/modules/suppliers/delta_router.py,yes,production application source,CLEAN,UNIQUE sha256:0549ddc58f510abb,01-core-security-pagination-and-observability
backend/app/modules/suppliers/delta_repository.py,tracked: unstaged changes,A,backend application: suppliers,backend/app/modules/suppliers/delta_query_service.py; backend/app/modules/suppliers/delta_service.py,yes,production application source,CLEAN,UNIQUE sha256:ee1feee66a683a34,01-core-security-pagination-and-observability
backend/app/modules/suppliers/delta_router.py,tracked: clean,A,backend application: suppliers,backend/app/modules/suppliers/router.py,yes,production application source,CLEAN,UNIQUE sha256:a6affa20eb18e900,01-core-security-pagination-and-observability
backend/app/modules/suppliers/delta_schemas.py,tracked: clean,A,backend application: suppliers,backend/app/modules/suppliers/delta_router.py,yes,production application source,CLEAN,UNIQUE sha256:59aa674cc2680386,01-core-security-pagination-and-observability
backend/app/modules/suppliers/delta_service.py,tracked: unstaged changes,A,backend application: suppliers,backend/app/modules/suppliers/__init__.py; backend/app/modules/suppliers/delta_router.py; backend/app/modules/suppliers/pipeline_service.py; backend/tests/test_supplier_delta_units.py,yes,production application source,CLEAN,UNIQUE sha256:f327bb3fa0810536,01-core-security-pagination-and-observability
backend/app/modules/suppliers/downstream_publication_policy.py,untracked,A,backend application: suppliers,backend/tests/test_downstream_publication_policy.py,yes,production application source,CLEAN,UNIQUE sha256:9e9e2a1443f2d29f,01-core-security-pagination-and-observability
backend/app/modules/suppliers/enums.py,tracked: clean,A,backend application: suppliers,backend/app/modules/suppliers/acquisition_query_router.py; backend/app/modules/suppliers/acquisition_schemas.py; backend/app/modules/suppliers/api_schemas.py; backend/app/modules/suppliers/contact_router.py; backend/app/modules/suppliers/contact_service.py; backend/app/modules/suppliers/delta_router.py; backend/app/modules/suppliers/incident_schemas.py; backend/app/modules/suppliers/mapping_profile_models.py; backend/app/modules/suppliers/mapping_profile_router.py; backend/app/modules/suppliers/mapping_profile_schemas.py; backend/app/modules/suppliers/mapping_rule_schemas.py; backend/app/modules/suppliers/models.py; backend/app/modules/suppliers/schema_field_schemas.py; backend/app/modules/suppliers/schema_profile_models.py; backend/app/modules/suppliers/schema_profile_router.py; backend/app/modules/suppliers/schema_profile_schemas.py; backend/app/modules/suppliers/schemas.py; backend/app/modules/suppliers/service.py; backend/app/modules/suppliers/snapshot_archive_router.py; backend/app/modules/suppliers/snapshot_query_router.py; backend/app/modules/suppliers/snapshot_schemas.py; backend/app/modules/suppliers/source_management/implementation.py; backend/app/modules/suppliers/source_router.py; backend/app/modules/suppliers/source_schemas.py; backend/app/modules/suppliers/source_service_support.py; backend/app/modules/suppliers/source_validation_service.py; backend/app/modules/suppliers/supplier_router.py; backend/app/modules/suppliers/validation_service.py; backend/tests/test_supplier_asbis_source.py; backend/tests/test_supplier_source_configuration.py,yes,production application source,CLEAN,UNIQUE sha256:bba1fc4b091f1f18,01-core-security-pagination-and-observability
backend/app/modules/suppliers/errors.py,tracked: clean,A,backend application: suppliers,backend/app/modules/suppliers/acquisition_context.py; backend/app/modules/suppliers/acquisition_query_service.py; backend/app/modules/suppliers/acquisition_service.py; backend/app/modules/suppliers/acquisition_service_support.py; backend/app/modules/suppliers/contact_service.py; backend/app/modules/suppliers/delta_query_service.py; backend/app/modules/suppliers/delta_router.py; backend/app/modules/suppliers/delta_service.py; backend/app/modules/suppliers/incident_query_service.py; backend/app/modules/suppliers/incident_rule_router.py; backend/app/modules/suppliers/incident_rule_service.py; backend/app/modules/suppliers/incident_service.py; backend/app/modules/suppliers/incident_support.py; backend/app/modules/suppliers/incident_sync_service.py; backend/app/modules/suppliers/mapping_profile_service.py; backend/app/modules/suppliers/mapping_rule_service.py; backend/app/modules/suppliers/mapping_service_support.py; backend/app/modules/suppliers/mapping_test_service.py; backend/app/modules/suppliers/pipeline_run_service.py; backend/app/modules/suppliers/schedule_service.py; backend/app/modules/suppliers/schema_analysis_service.py; backend/app/modules/suppliers/schema_field_service.py; backend/app/modules/suppliers/schema_profile_service.py; backend/app/modules/suppliers/schema_record_service.py; backend/app/modules/suppliers/schema_service_support.py; backend/app/modules/suppliers/service.py; backend/app/modules/suppliers/snapshot_archive_service.py; backend/app/modules/suppliers/snapshot_archive_support.py; backend/app/modules/suppliers/snapshot_query_service.py; backend/app/modules/suppliers/snapshot_service.py; backend/app/modules/suppliers/source_certificate_service.py; backend/app/modules/suppliers/source_management/implementation.py; backend/app/modules/suppliers/source_probe_service.py; backend/app/modules/suppliers/source_service_support.py; backend/app/modules/suppliers/source_validation_service.py; backend/app/modules/suppliers/validation_service.py,yes,production application source,CLEAN,UNIQUE sha256:c3229aeba50192f2,01-core-security-pagination-and-observability
backend/app/modules/suppliers/gtin_normalization.py,untracked,A,backend application: suppliers,backend/app/modules/suppliers/acquisition_processing.py; backend/app/modules/suppliers/asbis_ean.py; backend/app/modules/suppliers/delta_change_policy.py; backend/tests/test_supplier_mtls_source.py,yes,production application source,CLEAN,UNIQUE sha256:97440b522792b867,01-core-security-pagination-and-observability
backend/app/modules/suppliers/incident_contracts.py,tracked: clean,A,backend application: suppliers,backend/app/modules/suppliers/incident_rule_service.py; backend/app/modules/suppliers/incident_service.py; backend/app/modules/suppliers/incident_sync_service.py,yes,production application source,CLEAN,UNIQUE sha256:64cd41b52e7143c1,01-core-security-pagination-and-observability
backend/app/modules/suppliers/incident_models.py,tracked: clean,A,backend application: suppliers,backend/alembic/env.py; backend/app/modules/suppliers/__init__.py; backend/app/modules/suppliers/api_repository.py; backend/app/modules/suppliers/api_service.py; backend/app/modules/suppliers/incident_query_service.py; backend/app/modules/suppliers/incident_repository.py; backend/app/modules/suppliers/incident_rule_service.py; backend/app/modules/suppliers/incident_rules.py; backend/app/modules/suppliers/incident_service.py; backend/app/modules/suppliers/incident_support.py; backend/app/modules/suppliers/incident_sync_service.py; backend/app/modules/suppliers/schedule_service.py; backend/tests/test_supplier_incident_architecture.py; backend/tests/test_supplier_incident_integration.py; backend/tests/test_supplier_incident_units.py,yes,production application source,CLEAN,UNIQUE sha256:c810d67026e60714,01-core-security-pagination-and-observability
backend/app/modules/suppliers/incident_query_service.py,tracked: clean,A,backend application: suppliers,backend/app/modules/suppliers/api_router.py; backend/app/modules/suppliers/incident_router.py; backend/app/modules/suppliers/incident_rule_router.py; backend/app/modules/suppliers/incident_workflow_router.py,yes,production application source,CLEAN,UNIQUE sha256:57c15e6be6ddeb2d,01-core-security-pagination-and-observability
backend/app/modules/suppliers/incident_repository.py,tracked: unstaged changes,A,backend application: suppliers,backend/app/modules/suppliers/incident_query_service.py; backend/app/modules/suppliers/incident_rule_service.py; backend/app/modules/suppliers/incident_support.py,yes,production application source,CLEAN,UNIQUE sha256:1bb6b1611b3ff523,01-core-security-pagination-and-observability
backend/app/modules/suppliers/incident_router.py,tracked: clean,A,backend application: suppliers,backend/app/modules/suppliers/router.py,yes,production application source,CLEAN,UNIQUE sha256:f55ccb1af30a614a,01-core-security-pagination-and-observability
backend/app/modules/suppliers/incident_rule_router.py,tracked: clean,A,backend application: suppliers,backend/app/modules/suppliers/router.py,yes,production application source,CLEAN,UNIQUE sha256:42ec2b54b19cea8b,01-core-security-pagination-and-observability
backend/app/modules/suppliers/incident_rule_service.py,tracked: clean,A,backend application: suppliers,backend/app/modules/suppliers/__init__.py; backend/app/modules/suppliers/incident_rule_router.py,yes,production application source,CLEAN,UNIQUE sha256:2239771f6d5e3314,01-core-security-pagination-and-observability
backend/app/modules/suppliers/incident_rules.py,tracked: clean,A,backend application: suppliers,backend/app/modules/suppliers/incident_sync_service.py; backend/tests/test_supplier_incident_units.py,yes,production application source,CLEAN,UNIQUE sha256:e08a3874f4e864a0,01-core-security-pagination-and-observability
backend/app/modules/suppliers/incident_safety.py,tracked: clean,A,backend application: suppliers,backend/app/modules/suppliers/incident_service.py; backend/app/modules/suppliers/incident_support.py; backend/tests/test_supplier_incident_units.py,yes,production application source,CLEAN,UNIQUE sha256:7e7144062c0b47ea,01-core-security-pagination-and-observability
backend/app/modules/suppliers/incident_schemas.py,tracked: clean,A,backend application: suppliers,backend/app/modules/suppliers/api_router.py; backend/app/modules/suppliers/api_schemas.py; backend/app/modules/suppliers/incident_router.py; backend/app/modules/suppliers/incident_rule_router.py; backend/app/modules/suppliers/incident_rule_service.py; backend/app/modules/suppliers/incident_service.py; backend/app/modules/suppliers/incident_sync_router.py; backend/app/modules/suppliers/incident_workflow_router.py; backend/app/modules/suppliers/schedule_router.py,yes,production application source,CLEAN,UNIQUE sha256:28dcb6ba9010f7d5,01-core-security-pagination-and-observability
backend/app/modules/suppliers/incident_service.py,tracked: clean,A,backend application: suppliers,backend/app/modules/suppliers/__init__.py; backend/app/modules/suppliers/api_service.py; backend/app/modules/suppliers/incident_router.py; backend/app/modules/suppliers/incident_workflow_router.py,yes,production application source,CLEAN,UNIQUE sha256:b115832480da267e,01-core-security-pagination-and-observability
backend/app/modules/suppliers/incident_support.py,tracked: clean,A,backend application: suppliers,backend/app/modules/suppliers/incident_service.py; backend/app/modules/suppliers/incident_sync_service.py; backend/app/modules/suppliers/pipeline_incident_service.py; backend/app/modules/suppliers/schedule_service.py,yes,production application source,CLEAN,UNIQUE sha256:45153da0211f44aa,01-core-security-pagination-and-observability
backend/app/modules/suppliers/incident_sync_router.py,tracked: clean,A,backend application: suppliers,backend/app/modules/suppliers/router.py,yes,production application source,CLEAN,UNIQUE sha256:6e7aba8591a9b94a,01-core-security-pagination-and-observability
backend/app/modules/suppliers/incident_sync_service.py,tracked: clean,A,backend application: suppliers,backend/app/modules/suppliers/__init__.py; backend/app/modules/suppliers/incident_sync_router.py,yes,production application source,CLEAN,UNIQUE sha256:02f5412389c49516,01-core-security-pagination-and-observability
backend/app/modules/suppliers/incident_workflow_router.py,tracked: clean,A,backend application: suppliers,backend/app/modules/suppliers/router.py,yes,production application source,CLEAN,UNIQUE sha256:3e486f9d2b9d2054,01-core-security-pagination-and-observability
backend/app/modules/suppliers/kimtec_acquisition.py,tracked: unstaged changes,A,backend application: suppliers,backend/app/modules/suppliers/source_adapters/implementation.py,yes,production application source,CLEAN,UNIQUE sha256:b5ca8bb521c254a0,01-core-security-pagination-and-observability
backend/app/modules/suppliers/mapping_profile_models.py,tracked: clean,A,backend application: suppliers,backend/alembic/env.py; backend/app/modules/suppliers/__init__.py; backend/app/modules/suppliers/acquisition_context.py; backend/app/modules/suppliers/acquisition_transformations.py; backend/app/modules/suppliers/api_repository.py; backend/app/modules/suppliers/mapping_profile_repository.py; backend/app/modules/suppliers/mapping_profile_service.py; backend/app/modules/suppliers/mapping_rule_service.py; backend/app/modules/suppliers/mapping_service_support.py; backend/app/modules/suppliers/pipeline_contracts.py; backend/tests/test_supplier_acquisition_integration.py; backend/tests/test_supplier_acquisition_units.py; backend/tests/test_supplier_mapping_profiles.py; backend/tests/test_supplier_snapshot_integration.py,yes,production application source,CLEAN,UNIQUE sha256:4854fb9e50ab28b1,01-core-security-pagination-and-observability
backend/app/modules/suppliers/mapping_profile_repository.py,tracked: clean,A,backend application: suppliers,backend/app/modules/suppliers/acquisition_context.py; backend/app/modules/suppliers/mapping_service_support.py; backend/app/modules/suppliers/mapping_test_service.py; backend/app/modules/suppliers/pipeline_orchestrator_support.py; backend/app/modules/suppliers/schedule_service.py; backend/app/modules/suppliers/schema_profile_service.py,yes,production application source,CLEAN,UNIQUE sha256:d89faa30318cae09,01-core-security-pagination-and-observability
backend/app/modules/suppliers/mapping_profile_router.py,tracked: clean,A,backend application: suppliers,backend/app/modules/suppliers/router.py,yes,production application source,CLEAN,UNIQUE sha256:e818444dab5db258,01-core-security-pagination-and-observability
backend/app/modules/suppliers/mapping_profile_schemas.py,tracked: clean,A,backend application: suppliers,backend/app/modules/suppliers/mapping_profile_router.py; backend/app/modules/suppliers/mapping_profile_service.py,yes,production application source,CLEAN,UNIQUE sha256:a292c2c3f0ccc4e0,01-core-security-pagination-and-observability
backend/app/modules/suppliers/mapping_profile_service.py,tracked: unstaged changes,A,backend application: suppliers,backend/app/modules/suppliers/__init__.py; backend/app/modules/suppliers/mapping_profile_router.py,yes,production application source,CLEAN,UNIQUE sha256:496d46eac827bed5,01-core-security-pagination-and-observability
backend/app/modules/suppliers/mapping_rule_router.py,tracked: clean,A,backend application: suppliers,backend/app/modules/suppliers/router.py,yes,production application source,CLEAN,UNIQUE sha256:94e096d3d759bc46,01-core-security-pagination-and-observability
backend/app/modules/suppliers/mapping_rule_schemas.py,tracked: clean,A,backend application: suppliers,backend/app/modules/suppliers/mapping_rule_router.py; backend/app/modules/suppliers/mapping_rule_service.py,yes,production application source,CLEAN,UNIQUE sha256:1b8e5bc233f959ed,01-core-security-pagination-and-observability
backend/app/modules/suppliers/mapping_rule_service.py,tracked: clean,A,backend application: suppliers,backend/app/modules/suppliers/__init__.py; backend/app/modules/suppliers/mapping_rule_router.py,yes,production application source,CLEAN,UNIQUE sha256:50c3256b9ab63b7e,01-core-security-pagination-and-observability
backend/app/modules/suppliers/mapping_service_support.py,tracked: unstaged changes,A,backend application: suppliers,backend/app/modules/suppliers/mapping_profile_service.py; backend/app/modules/suppliers/mapping_rule_service.py; backend/app/modules/suppliers/mapping_test_service.py,yes,production application source,CLEAN,UNIQUE sha256:1ffcfdce26307cd5,01-core-security-pagination-and-observability
backend/app/modules/suppliers/mapping_test_schemas.py,tracked: clean,A,backend application: suppliers,backend/app/modules/suppliers/mapping_profile_router.py; backend/app/modules/suppliers/mapping_test_service.py,yes,production application source,CLEAN,UNIQUE sha256:8526ead2bc8f17f8,01-core-security-pagination-and-observability
backend/app/modules/suppliers/mapping_test_service.py,tracked: unstaged changes,A,backend application: suppliers,backend/app/modules/suppliers/mapping_profile_router.py; backend/tests/test_supplier_mapping_profiles.py,yes,production application source,CLEAN,UNIQUE sha256:e7d0c159df982eab,01-core-security-pagination-and-observability
backend/app/modules/suppliers/models.py,tracked: clean,A,backend application: suppliers,backend/alembic/env.py; backend/app/modules/suppliers/__init__.py; backend/app/modules/suppliers/acquisition_context.py; backend/app/modules/suppliers/acquisition_contracts.py; backend/app/modules/suppliers/api_process_service.py; backend/app/modules/suppliers/api_repository.py; backend/app/modules/suppliers/asbis_acquisition.py; backend/app/modules/suppliers/contact_service.py; backend/app/modules/suppliers/ct_soap_acquisition.py; backend/app/modules/suppliers/incident_repository.py; backend/app/modules/suppliers/kimtec_acquisition.py; backend/app/modules/suppliers/pin_soap_acquisition.py; backend/app/modules/suppliers/pipeline_contracts.py; backend/app/modules/suppliers/pipeline_repository.py; backend/app/modules/suppliers/repository.py; backend/app/modules/suppliers/schedule_service.py; backend/app/modules/suppliers/service.py; backend/app/modules/suppliers/source_adapters/implementation.py; backend/app/modules/suppliers/source_management/implementation.py; backend/app/modules/suppliers/source_probe_service.py; backend/app/modules/suppliers/source_repository.py; backend/app/modules/suppliers/source_schemas.py; backend/app/modules/suppliers/source_service_support.py; backend/tests/test_supplier_acquisition_integration.py; backend/tests/test_supplier_acquisition_units.py; backend/tests/test_supplier_administration.py; backend/tests/test_supplier_ct_soap_source.py; backend/tests/test_supplier_mapping_profiles.py; backend/tests/test_supplier_mtls_source.py; backend/tests/test_supplier_pin_soap_source.py; backend/tests/test_supplier_schema_profiles.py; backend/tests/test_supplier_snapshot_integration.py; backend/tests/test_supplier_source_probe.py; backend/tests/test_supplier_sources.py,yes,production application source,CLEAN,UNIQUE sha256:0a1034369cec546c,01-core-security-pagination-and-observability
backend/app/modules/suppliers/mtls_http_client.py,tracked: clean,A,backend application: suppliers,backend/app/modules/suppliers/source_adapters/implementation.py,yes,production application source,CLEAN,UNIQUE sha256:c60f38904d878b05,01-core-security-pagination-and-observability
backend/app/modules/suppliers/pin_soap_acquisition.py,tracked: clean,A,backend application: suppliers,backend/app/modules/suppliers/source_adapters/implementation.py,yes,production application source,CLEAN,UNIQUE sha256:f837cb577901135d,01-core-security-pagination-and-observability
backend/app/modules/suppliers/pipeline_compatibility_service.py,untracked,A,backend application: suppliers,backend/app/modules/suppliers/pipeline_orchestrator_support.py; backend/tests/test_supplier_pipeline_units.py,yes,production application source,CLEAN,UNIQUE sha256:be841dd33cc42a26,01-core-security-pagination-and-observability
backend/app/modules/suppliers/pipeline_contracts.py,tracked: clean,A,backend application: suppliers,backend/app/modules/suppliers/pipeline_compatibility_service.py; backend/app/modules/suppliers/pipeline_failure_support.py; backend/app/modules/suppliers/pipeline_incident_service.py; backend/app/modules/suppliers/pipeline_orchestrator_support.py; backend/app/modules/suppliers/pipeline_recovery_service.py; backend/app/modules/suppliers/pipeline_service.py; backend/tests/test_supplier_pipeline_units.py,yes,production application source,CLEAN,UNIQUE sha256:0177dd1d7cf54dbc,01-core-security-pagination-and-observability
backend/app/modules/suppliers/pipeline_failure_support.py,untracked,A,backend application: suppliers,backend/app/modules/suppliers/pipeline_orchestrator_support.py; backend/app/modules/suppliers/pipeline_recovery_service.py,yes,production application source,CLEAN,UNIQUE sha256:097e961b01368dac,01-core-security-pagination-and-observability
backend/app/modules/suppliers/pipeline_incident_service.py,untracked,A,backend application: suppliers,backend/app/modules/suppliers/pipeline_orchestrator_support.py; backend/app/modules/suppliers/pipeline_recovery_service.py; backend/tests/test_supplier_pipeline_units.py,yes,production application source,CLEAN,UNIQUE sha256:572d645bfb4fa7cc,01-core-security-pagination-and-observability
backend/app/modules/suppliers/pipeline_models.py,tracked: clean,A,backend application: suppliers,backend/alembic/env.py; backend/app/modules/suppliers/__init__.py; backend/app/modules/suppliers/pipeline_compatibility_service.py; backend/app/modules/suppliers/pipeline_contracts.py; backend/app/modules/suppliers/pipeline_orchestrator_support.py; backend/app/modules/suppliers/pipeline_recovery_service.py; backend/app/modules/suppliers/pipeline_repository.py; backend/app/modules/suppliers/pipeline_run_service.py; backend/app/modules/suppliers/pipeline_scheduler.py; backend/app/modules/suppliers/schedule_service.py; backend/app/modules/suppliers/schema_inference_service.py; backend/app/modules/suppliers/source_artifact_service.py; backend/tests/test_supplier_pipeline_units.py; backend/tests/test_supplier_schema_inference.py,yes,production application source,CLEAN,UNIQUE sha256:267d0c77ba52e8f2,01-core-security-pagination-and-observability
backend/app/modules/suppliers/pipeline_orchestrator_support.py,tracked: unstaged changes,A,backend application: suppliers,backend/app/modules/suppliers/pipeline_service.py,yes,production application source,CLEAN,UNIQUE sha256:4503cd2da9730475,01-core-security-pagination-and-observability
backend/app/modules/suppliers/pipeline_recovery_service.py,untracked,A,backend application: suppliers,backend/app/modules/suppliers/pipeline_run_service.py; backend/app/modules/suppliers/pipeline_scheduler.py; backend/app/modules/suppliers/pipeline_worker.py; backend/app/modules/suppliers/schedule_service.py; backend/tests/test_supplier_pipeline_units.py,yes,production application source,CLEAN,UNIQUE sha256:5f2f0d33019a45a7,01-core-security-pagination-and-observability
backend/app/modules/suppliers/pipeline_repository.py,tracked: unstaged changes,A,backend application: suppliers,backend/app/modules/suppliers/mapping_test_service.py; backend/app/modules/suppliers/pipeline_compatibility_service.py; backend/app/modules/suppliers/pipeline_orchestrator_support.py; backend/app/modules/suppliers/pipeline_recovery_service.py; backend/app/modules/suppliers/pipeline_run_service.py; backend/app/modules/suppliers/pipeline_scheduler.py; backend/app/modules/suppliers/schedule_service.py; backend/app/modules/suppliers/schema_record_service.py; backend/app/modules/suppliers/source_artifact_service.py; backend/app/modules/suppliers/source_management/implementation.py,yes,production application source,CLEAN,UNIQUE sha256:2a4dee70d2d46ed1,01-core-security-pagination-and-observability
backend/app/modules/suppliers/pipeline_run_service.py,tracked: unstaged changes,A,backend application: suppliers,backend/app/modules/suppliers/pipeline_service.py; backend/app/modules/suppliers/schema_analysis_service.py,yes,production application source,CLEAN,UNIQUE sha256:f2a4c319e66702a9,01-core-security-pagination-and-observability
backend/app/modules/suppliers/pipeline_scheduler.py,tracked: unstaged changes,A,backend application: suppliers,backend/app/modules/execution/worker.py; backend/app/modules/suppliers/schedule_service.py; backend/tests/test_supplier_pipeline_units.py,yes,production application source,CLEAN,UNIQUE sha256:0485de8cd3524161,01-core-security-pagination-and-observability
backend/app/modules/suppliers/pipeline_service.py,tracked: clean,A,backend application: suppliers,backend/app/modules/suppliers/pipeline_worker.py; backend/app/modules/suppliers/schema_analysis_service.py,yes,production application source,CLEAN,UNIQUE sha256:54711274e934a75a,01-core-security-pagination-and-observability
backend/app/modules/suppliers/pipeline_worker.py,tracked: unstaged changes,A,backend application: suppliers,backend/app/modules/execution/handlers.py,yes,production application source,CLEAN,UNIQUE sha256:8877a754f420000b,01-core-security-pagination-and-observability
backend/app/modules/suppliers/portal_http_client.py,tracked: clean,A,backend application: suppliers,backend/app/modules/suppliers/source_adapters/implementation.py,yes,production application source,CLEAN,UNIQUE sha256:cc82976535fb2748,01-core-security-pagination-and-observability
backend/app/modules/suppliers/repository.py,tracked: clean,A,backend application: suppliers,backend/app/modules/suppliers/__init__.py; backend/app/modules/suppliers/acquisition_context.py; backend/app/modules/suppliers/acquisition_query_service.py; backend/app/modules/suppliers/contact_service.py; backend/app/modules/suppliers/pipeline_orchestrator_support.py; backend/app/modules/suppliers/pipeline_recovery_service.py; backend/app/modules/suppliers/service.py; backend/app/modules/suppliers/snapshot_query_service.py; backend/app/modules/suppliers/source_certificate_service.py; backend/app/modules/suppliers/source_probe_service.py; backend/app/modules/suppliers/source_service_support.py; backend/app/modules/suppliers/validation_service.py; backend/tests/test_supplier_architecture.py,yes,production application source,CLEAN,UNIQUE sha256:6f2459d77a3f4de1,01-core-security-pagination-and-observability
backend/app/modules/suppliers/router.py,tracked: clean,A,backend application: suppliers,backend/app/api/router.py,yes,production application source,CLEAN,UNIQUE sha256:2aa44ba26c7fda15,01-core-security-pagination-and-observability
backend/app/modules/suppliers/schedule_router.py,tracked: unstaged changes,A,backend application: suppliers,backend/app/modules/suppliers/router.py,yes,production application source,CLEAN,UNIQUE sha256:1efcbbc0349ea3f6,01-core-security-pagination-and-observability
backend/app/modules/suppliers/schedule_schemas.py,tracked: clean,A,backend application: suppliers,backend/app/modules/suppliers/schedule_router.py; backend/app/modules/suppliers/schedule_service.py; backend/tests/test_supplier_pipeline_units.py,yes,production application source,CLEAN,UNIQUE sha256:62c77f1c9a58526b,01-core-security-pagination-and-observability
backend/app/modules/suppliers/schedule_service.py,tracked: unstaged changes,A,backend application: suppliers,backend/app/modules/suppliers/schedule_router.py; backend/tests/test_supplier_pipeline_units.py,yes,production application source,CLEAN,UNIQUE sha256:e10b14510143d324,01-core-security-pagination-and-observability
backend/app/modules/suppliers/schema_analysis_service.py,tracked: unstaged changes,A,backend application: suppliers,backend/app/modules/suppliers/schema_profile_router.py,yes,production application source,CLEAN,UNIQUE sha256:4c365dc17b91eb97,01-core-security-pagination-and-observability
backend/app/modules/suppliers/schema_compatibility_service.py,tracked: clean,A,backend application: suppliers,backend/app/modules/suppliers/pipeline_compatibility_service.py; backend/app/modules/suppliers/pipeline_orchestrator_support.py; backend/tests/test_supplier_pipeline_units.py,yes,production application source,CLEAN,UNIQUE sha256:957bca5bd6c88553,01-core-security-pagination-and-observability
backend/app/modules/suppliers/schema_field_router.py,tracked: clean,A,backend application: suppliers,backend/app/modules/suppliers/router.py,yes,production application source,CLEAN,UNIQUE sha256:20bb5917fe5eb00a,01-core-security-pagination-and-observability
backend/app/modules/suppliers/schema_field_schemas.py,tracked: clean,A,backend application: suppliers,backend/app/modules/suppliers/schema_analysis_service.py; backend/app/modules/suppliers/schema_field_router.py; backend/app/modules/suppliers/schema_field_service.py; backend/app/modules/suppliers/schema_inference_schemas.py; backend/app/modules/suppliers/schema_inference_service.py,yes,production application source,CLEAN,UNIQUE sha256:71bbc02d157fa06a,01-core-security-pagination-and-observability
backend/app/modules/suppliers/schema_field_service.py,tracked: clean,A,backend application: suppliers,backend/app/modules/suppliers/__init__.py; backend/app/modules/suppliers/schema_field_router.py,yes,production application source,CLEAN,UNIQUE sha256:df1a3652452c4d6c,01-core-security-pagination-and-observability
backend/app/modules/suppliers/schema_inference_engine.py,tracked: clean,A,backend application: suppliers,backend/app/modules/suppliers/mapping_test_service.py; backend/app/modules/suppliers/schema_inference_service.py; backend/app/modules/suppliers/schema_record_service.py; backend/app/modules/suppliers/source_artifact_service.py; backend/tests/test_supplier_mapping_profiles.py; backend/tests/test_supplier_schema_inference.py,yes,production application source,CLEAN,UNIQUE sha256:85efcf6ec3d215a4,01-core-security-pagination-and-observability
backend/app/modules/suppliers/schema_inference_schemas.py,tracked: clean,A,backend application: suppliers,backend/app/modules/suppliers/schema_analysis_service.py; backend/app/modules/suppliers/schema_inference_service.py; backend/app/modules/suppliers/schema_profile_router.py,yes,production application source,CLEAN,UNIQUE sha256:6343d204eecef602,01-core-security-pagination-and-observability
backend/app/modules/suppliers/schema_inference_service.py,tracked: clean,A,backend application: suppliers,backend/app/modules/suppliers/pipeline_orchestrator_support.py; backend/tests/test_supplier_schema_inference.py,yes,production application source,CLEAN,UNIQUE sha256:443620682f0a0f2e,01-core-security-pagination-and-observability
backend/app/modules/suppliers/schema_profile_models.py,tracked: clean,A,backend application: suppliers,backend/alembic/env.py; backend/app/modules/suppliers/__init__.py; backend/app/modules/suppliers/acquisition_context.py; backend/app/modules/suppliers/acquisition_validation.py; backend/app/modules/suppliers/api_repository.py; backend/app/modules/suppliers/pipeline_compatibility_service.py; backend/app/modules/suppliers/pipeline_contracts.py; backend/app/modules/suppliers/pipeline_orchestrator_support.py; backend/app/modules/suppliers/pipeline_service.py; backend/app/modules/suppliers/schema_analysis_service.py; backend/app/modules/suppliers/schema_compatibility_service.py; backend/app/modules/suppliers/schema_field_service.py; backend/app/modules/suppliers/schema_inference_service.py; backend/app/modules/suppliers/schema_profile_repository.py; backend/app/modules/suppliers/schema_profile_service.py; backend/app/modules/suppliers/schema_service_support.py; backend/app/modules/suppliers/schema_type_inference.py; backend/tests/test_supplier_acquisition_integration.py; backend/tests/test_supplier_acquisition_units.py; backend/tests/test_supplier_mapping_profiles.py; backend/tests/test_supplier_pipeline_units.py; backend/tests/test_supplier_schema_profiles.py; backend/tests/test_supplier_snapshot_integration.py,yes,production application source,CLEAN,UNIQUE sha256:f9864a88b94b450f,01-core-security-pagination-and-observability
backend/app/modules/suppliers/schema_profile_repository.py,tracked: clean,A,backend application: suppliers,backend/app/modules/suppliers/acquisition_context.py; backend/app/modules/suppliers/mapping_service_support.py; backend/app/modules/suppliers/mapping_test_service.py; backend/app/modules/suppliers/pipeline_orchestrator_support.py; backend/app/modules/suppliers/schedule_service.py; backend/app/modules/suppliers/schema_analysis_service.py; backend/app/modules/suppliers/schema_service_support.py,yes,production application source,CLEAN,UNIQUE sha256:923221f76d52de13,01-core-security-pagination-and-observability
backend/app/modules/suppliers/schema_profile_router.py,tracked: clean,A,backend application: suppliers,backend/app/modules/suppliers/router.py,yes,production application source,CLEAN,UNIQUE sha256:74e1e49519be1598,01-core-security-pagination-and-observability
backend/app/modules/suppliers/schema_profile_schemas.py,tracked: clean,A,backend application: suppliers,backend/app/modules/suppliers/pipeline_service.py; backend/app/modules/suppliers/schema_analysis_service.py; backend/app/modules/suppliers/schema_inference_schemas.py; backend/app/modules/suppliers/schema_inference_service.py; backend/app/modules/suppliers/schema_profile_router.py; backend/app/modules/suppliers/schema_profile_service.py; backend/tests/test_supplier_schema_inference.py,yes,production application source,CLEAN,UNIQUE sha256:752ff0e1bd0d4ce8,01-core-security-pagination-and-observability
backend/app/modules/suppliers/schema_profile_service.py,tracked: clean,A,backend application: suppliers,backend/app/modules/suppliers/__init__.py; backend/app/modules/suppliers/schema_profile_router.py,yes,production application source,CLEAN,UNIQUE sha256:c67b63512a26ca5f,01-core-security-pagination-and-observability
backend/app/modules/suppliers/schema_record_schemas.py,tracked: clean,A,backend application: suppliers,backend/app/modules/suppliers/schema_profile_router.py; backend/app/modules/suppliers/schema_record_service.py,yes,production application source,CLEAN,UNIQUE sha256:3c89c1e73c9bde5e,01-core-security-pagination-and-observability
backend/app/modules/suppliers/schema_record_service.py,tracked: clean,A,backend application: suppliers,backend/app/modules/suppliers/schema_profile_router.py; backend/tests/test_supplier_source_probe.py,yes,production application source,CLEAN,UNIQUE sha256:b5c19305c0c299db,01-core-security-pagination-and-observability
backend/app/modules/suppliers/schema_service_support.py,tracked: clean,A,backend application: suppliers,backend/app/modules/suppliers/schema_field_service.py; backend/app/modules/suppliers/schema_inference_service.py; backend/app/modules/suppliers/schema_profile_service.py; backend/app/modules/suppliers/schema_record_service.py,yes,production application source,CLEAN,UNIQUE sha256:534b600d4b2fc2d2,01-core-security-pagination-and-observability
backend/app/modules/suppliers/schema_type_inference.py,tracked: unstaged changes,A,backend application: suppliers,backend/app/modules/suppliers/schema_inference_service.py; backend/tests/test_supplier_asbis_source.py; backend/tests/test_supplier_schema_inference.py,yes,production application source,CLEAN,UNIQUE sha256:e2e08fc01cd17175,01-core-security-pagination-and-observability
backend/app/modules/suppliers/schemas.py,tracked: clean,A,backend application: suppliers,backend/app/modules/suppliers/contact_router.py; backend/app/modules/suppliers/contact_service.py; backend/app/modules/suppliers/service.py; backend/app/modules/suppliers/supplier_router.py; backend/tests/test_supplier_administration.py,yes,production application source,CLEAN,UNIQUE sha256:bfcdeb540df9d248,01-core-security-pagination-and-observability
backend/app/modules/suppliers/service.py,tracked: clean,A,backend application: suppliers,backend/app/modules/suppliers/__init__.py; backend/app/modules/suppliers/supplier_router.py; backend/tests/test_supplier_administration.py; backend/tests/test_supplier_architecture.py,yes,production application source,CLEAN,UNIQUE sha256:39c4527ed1299281,01-core-security-pagination-and-observability
backend/app/modules/suppliers/snapshot_archive_format.py,tracked: clean,A,backend application: suppliers,backend/app/modules/suppliers/snapshot_archive_service.py; backend/app/modules/suppliers/snapshot_archive_support.py; backend/tests/test_supplier_snapshot_units.py,yes,production application source,CLEAN,UNIQUE sha256:b62d5597a80ebb49,01-core-security-pagination-and-observability
backend/app/modules/suppliers/snapshot_archive_router.py,tracked: clean,A,backend application: suppliers,backend/app/modules/suppliers/router.py,yes,production application source,CLEAN,UNIQUE sha256:9b95ae18456b723d,01-core-security-pagination-and-observability
backend/app/modules/suppliers/snapshot_archive_service.py,tracked: clean,A,backend application: suppliers,backend/app/modules/suppliers/snapshot_archive_router.py; backend/app/modules/suppliers/snapshot_bulk_archive_service.py,yes,production application source,CLEAN,UNIQUE sha256:8495c6a94906c530,01-core-security-pagination-and-observability
backend/app/modules/suppliers/snapshot_archive_storage.py,tracked: clean,A,backend application: suppliers,backend/app/modules/suppliers/snapshot_archive_support.py; backend/tests/test_supplier_snapshot_units.py,yes,production application source,CLEAN,UNIQUE sha256:839ef5ae304e1d67,01-core-security-pagination-and-observability
backend/app/modules/suppliers/snapshot_archive_support.py,tracked: clean,A,backend application: suppliers,backend/app/modules/suppliers/snapshot_archive_service.py,yes,production application source,CLEAN,UNIQUE sha256:db8bd7edb185531d,01-core-security-pagination-and-observability
backend/app/modules/suppliers/snapshot_bulk_archive_service.py,tracked: clean,A,backend application: suppliers,backend/app/modules/suppliers/snapshot_archive_router.py,yes,production application source,CLEAN,UNIQUE sha256:797737db5616636e,01-core-security-pagination-and-observability
backend/app/modules/suppliers/snapshot_candidate_service.py,tracked: clean,A,backend application: suppliers,backend/app/modules/suppliers/snapshot_archive_router.py,yes,production application source,CLEAN,UNIQUE sha256:dfbbadf916be3ab2,01-core-security-pagination-and-observability
backend/app/modules/suppliers/snapshot_contracts.py,tracked: clean,A,backend application: suppliers,backend/app/modules/suppliers/snapshot_archive_format.py; backend/app/modules/suppliers/snapshot_archive_service.py; backend/app/modules/suppliers/snapshot_archive_storage.py; backend/app/modules/suppliers/snapshot_archive_support.py; backend/tests/test_supplier_snapshot_units.py,yes,production application source,CLEAN,UNIQUE sha256:26397fab1ea82413,01-core-security-pagination-and-observability
backend/app/modules/suppliers/snapshot_execution_router.py,tracked: clean,A,backend application: suppliers,backend/app/modules/suppliers/router.py,yes,production application source,CLEAN,UNIQUE sha256:abd21e432a366b26,01-core-security-pagination-and-observability
backend/app/modules/suppliers/snapshot_fingerprints.py,tracked: clean,A,backend application: suppliers,backend/app/modules/suppliers/delta_comparison.py; backend/app/modules/suppliers/delta_service.py; backend/app/modules/suppliers/snapshot_archive_format.py; backend/app/modules/suppliers/snapshot_archive_support.py; backend/app/modules/suppliers/snapshot_query_service.py; backend/app/modules/suppliers/snapshot_service.py; backend/tests/test_supplier_delta_integration.py; backend/tests/test_supplier_snapshot_units.py,yes,production application source,CLEAN,UNIQUE sha256:fa8c48d4eec9b7e1,01-core-security-pagination-and-observability
backend/app/modules/suppliers/snapshot_images.py,tracked: clean,A,backend application: suppliers,backend/app/modules/suppliers/snapshot_service.py; backend/tests/test_supplier_snapshot_units.py,yes,production application source,CLEAN,UNIQUE sha256:6855c7b5de0d6318,01-core-security-pagination-and-observability
backend/app/modules/suppliers/snapshot_models.py,tracked: clean,A,backend application: suppliers,backend/alembic/env.py; backend/app/modules/suppliers/__init__.py; backend/app/modules/suppliers/api_repository.py; backend/app/modules/suppliers/delta_calculator.py; backend/app/modules/suppliers/delta_change_policy.py; backend/app/modules/suppliers/delta_repository.py; backend/app/modules/suppliers/delta_service.py; backend/app/modules/suppliers/incident_repository.py; backend/app/modules/suppliers/snapshot_archive_service.py; backend/app/modules/suppliers/snapshot_archive_support.py; backend/app/modules/suppliers/snapshot_bulk_archive_service.py; backend/app/modules/suppliers/snapshot_candidate_service.py; backend/app/modules/suppliers/snapshot_query_service.py; backend/app/modules/suppliers/snapshot_repository.py; backend/app/modules/suppliers/snapshot_service.py; backend/tests/test_supplier_delta_integration.py; backend/tests/test_supplier_incident_integration.py; backend/tests/test_supplier_snapshot_architecture.py; backend/tests/test_supplier_snapshot_integration.py,yes,production application source,CLEAN,UNIQUE sha256:26c2aaa59431dca2,01-core-security-pagination-and-observability
backend/app/modules/suppliers/snapshot_query_router.py,tracked: clean,A,backend application: suppliers,backend/app/modules/suppliers/router.py,yes,production application source,CLEAN,UNIQUE sha256:7de7e9f344598736,01-core-security-pagination-and-observability
backend/app/modules/suppliers/snapshot_query_service.py,tracked: clean,A,backend application: suppliers,backend/app/modules/suppliers/snapshot_archive_router.py; backend/app/modules/suppliers/snapshot_archive_support.py; backend/app/modules/suppliers/snapshot_candidate_service.py; backend/app/modules/suppliers/snapshot_query_router.py,yes,production application source,CLEAN,UNIQUE sha256:c9520309cb1bdb1c,01-core-security-pagination-and-observability
backend/app/modules/suppliers/snapshot_repository.py,tracked: clean,A,backend application: suppliers,backend/app/modules/suppliers/snapshot_archive_support.py; backend/app/modules/suppliers/snapshot_candidate_service.py; backend/app/modules/suppliers/snapshot_query_service.py; backend/app/modules/suppliers/snapshot_service.py,yes,production application source,CLEAN,UNIQUE sha256:37d4791b0cf00798,01-core-security-pagination-and-observability
backend/app/modules/suppliers/snapshot_schemas.py,tracked: clean,A,backend application: suppliers,backend/app/modules/suppliers/snapshot_archive_router.py; backend/app/modules/suppliers/snapshot_execution_router.py; backend/app/modules/suppliers/snapshot_query_router.py,yes,production application source,CLEAN,UNIQUE sha256:953df325ba22ffdc,01-core-security-pagination-and-observability
backend/app/modules/suppliers/snapshot_service.py,tracked: clean,A,backend application: suppliers,backend/app/modules/suppliers/__init__.py; backend/app/modules/suppliers/pipeline_service.py; backend/app/modules/suppliers/snapshot_execution_router.py; backend/tests/test_supplier_snapshot_architecture.py,yes,production application source,CLEAN,UNIQUE sha256:2cf619ea279bee96,01-core-security-pagination-and-observability
backend/app/modules/suppliers/source_adapters/__init__.py,tracked: clean,A,backend application: suppliers,backend/app/modules/suppliers/acquisition_adapters.py,yes,production application source,CLEAN,UNIQUE sha256:59ca2329199a89fa,01-core-security-pagination-and-observability
backend/app/modules/suppliers/source_adapters/implementation.py,tracked: unstaged changes,J,secret owner; not repository-owned,backend/app/modules/suppliers/source_adapters/__init__.py,no,sensitive content requires removal or explicit review,REVIEW_REQUIRED:literal-credential,UNIQUE sha256:151f582b8e523ff0,not-staged
backend/app/modules/suppliers/source_artifact_service.py,tracked: clean,A,backend application: suppliers,backend/app/modules/suppliers/mapping_test_service.py; backend/app/modules/suppliers/pipeline_orchestrator_support.py; backend/app/modules/suppliers/schema_record_service.py,yes,production application source,CLEAN,UNIQUE sha256:bdfb7c2863f128ce,01-core-security-pagination-and-observability
backend/app/modules/suppliers/source_certificate_service.py,tracked: clean,J,secret owner; not repository-owned,backend/app/modules/suppliers/source_router.py,no,sensitive content requires removal or explicit review,REVIEW_REQUIRED:literal-credential,UNIQUE sha256:0f6f4be046c35f0e,not-staged
backend/app/modules/suppliers/source_configuration.py,tracked: unstaged changes,J,secret owner; not repository-owned,backend/app/modules/suppliers/source_validation_service.py; backend/tests/test_supplier_ct_soap_source.py; backend/tests/test_supplier_mtls_source.py; backend/tests/test_supplier_pin_soap_source.py,no,sensitive content requires removal or explicit review,REVIEW_REQUIRED:literal-credential,UNIQUE sha256:2e8076eb4d88eb48,not-staged
backend/app/modules/suppliers/source_management/__init__.py,tracked: clean,A,backend application: suppliers,backend/app/modules/suppliers/source_service.py,yes,production application source,CLEAN,UNIQUE sha256:4ef57fee0ed8ece4,01-core-security-pagination-and-observability
backend/app/modules/suppliers/source_management/implementation.py,tracked: unstaged changes,A,backend application: suppliers,backend/app/modules/suppliers/source_management/__init__.py,yes,production application source,CLEAN,UNIQUE sha256:c223266623d78b22,01-core-security-pagination-and-observability
backend/app/modules/suppliers/source_parsers/__init__.py,tracked: clean,A,backend application: suppliers,backend/app/modules/suppliers/acquisition_parsers.py,yes,production application source,CLEAN,UNIQUE sha256:c5535e0c7114524f,01-core-security-pagination-and-observability
backend/app/modules/suppliers/source_parsers/implementation.py,tracked: clean,A,backend application: suppliers,backend/app/modules/suppliers/source_parsers/__init__.py,yes,production application source,CLEAN,UNIQUE sha256:aca92271f38e604c,01-core-security-pagination-and-observability
backend/app/modules/suppliers/source_probe_schemas.py,tracked: unstaged changes,J,secret owner; not repository-owned,backend/app/modules/suppliers/source_certificate_service.py; backend/app/modules/suppliers/source_management/implementation.py; backend/app/modules/suppliers/source_probe_service.py; backend/app/modules/suppliers/source_router.py; backend/tests/test_supplier_asbis_source.py,no,sensitive content requires removal or explicit review,REVIEW_REQUIRED:literal-credential,UNIQUE sha256:9c17b01fd4e9555e,not-staged
backend/app/modules/suppliers/source_probe_service.py,tracked: clean,A,backend application: suppliers,backend/app/modules/suppliers/source_router.py; backend/tests/test_supplier_source_probe.py,yes,production application source,CLEAN,UNIQUE sha256:f22379ee896c101a,01-core-security-pagination-and-observability
backend/app/modules/suppliers/source_repository.py,tracked: clean,A,backend application: suppliers,backend/app/modules/suppliers/acquisition_context.py; backend/app/modules/suppliers/acquisition_query_service.py; backend/app/modules/suppliers/mapping_service_support.py; backend/app/modules/suppliers/pipeline_orchestrator_support.py; backend/app/modules/suppliers/pipeline_recovery_service.py; backend/app/modules/suppliers/pipeline_run_service.py; backend/app/modules/suppliers/schedule_service.py; backend/app/modules/suppliers/schema_analysis_service.py; backend/app/modules/suppliers/schema_service_support.py; backend/app/modules/suppliers/snapshot_query_service.py; backend/app/modules/suppliers/source_certificate_service.py; backend/app/modules/suppliers/source_probe_service.py; backend/app/modules/suppliers/source_service_support.py; backend/tests/test_supplier_architecture.py,yes,production application source,CLEAN,UNIQUE sha256:25299608a440b6ee,01-core-security-pagination-and-observability
backend/app/modules/suppliers/source_router.py,tracked: clean,A,backend application: suppliers,backend/app/modules/suppliers/router.py,yes,production application source,CLEAN,UNIQUE sha256:0d4a0f0af96f4f83,01-core-security-pagination-and-observability
backend/app/modules/suppliers/source_schemas.py,tracked: clean,A,backend application: suppliers,backend/app/modules/suppliers/source_management/implementation.py; backend/app/modules/suppliers/source_router.py; backend/app/modules/suppliers/source_service_support.py; backend/tests/test_persistent_local_secrets.py; backend/tests/test_supplier_sources.py,yes,production application source,CLEAN,UNIQUE sha256:927ce5b4ec4b925a,01-core-security-pagination-and-observability
backend/app/modules/suppliers/source_secrets.py,tracked: unstaged changes,J,secret owner; not repository-owned,backend/app/modules/suppliers/acquisition_service_support.py; backend/app/modules/suppliers/api_process_service.py; backend/app/modules/suppliers/pipeline_orchestrator_support.py; backend/app/modules/suppliers/source_certificate_service.py; backend/app/modules/suppliers/source_management/implementation.py; backend/app/modules/suppliers/source_probe_service.py; backend/app/modules/suppliers/source_schemas.py; backend/tests/test_persistent_local_secrets.py; backend/tests/test_supplier_ct_soap_source.py; backend/tests/test_supplier_mtls_source.py; backend/tests/test_supplier_source_probe.py,no,sensitive content requires removal or explicit review,REVIEW_REQUIRED:literal-credential,UNIQUE sha256:c0b41015df694e31,not-staged
backend/app/modules/suppliers/source_service.py,tracked: clean,A,backend application: suppliers,backend/app/modules/suppliers/__init__.py; backend/app/modules/suppliers/source_router.py; backend/tests/test_supplier_architecture.py; backend/tests/test_supplier_sources.py,yes,production application source,CLEAN,UNIQUE sha256:76fdb5409c212636,01-core-security-pagination-and-observability
backend/app/modules/suppliers/source_service_support.py,tracked: clean,A,backend application: suppliers,backend/app/modules/suppliers/source_management/implementation.py,yes,production application source,CLEAN,UNIQUE sha256:a20f4e52001028e1,01-core-security-pagination-and-observability
backend/app/modules/suppliers/source_validation_service.py,tracked: clean,A,backend application: suppliers,backend/app/modules/suppliers/api_process_service.py; backend/app/modules/suppliers/source_probe_service.py; backend/app/modules/suppliers/source_service_support.py; backend/tests/test_supplier_asbis_source.py; backend/tests/test_supplier_source_configuration.py,yes,production application source,CLEAN,UNIQUE sha256:da44cbdd81e2020d,01-core-security-pagination-and-observability
backend/app/modules/suppliers/supplier_router.py,tracked: clean,A,backend application: suppliers,backend/app/modules/suppliers/router.py,yes,production application source,CLEAN,UNIQUE sha256:8d09c5203b5bd452,01-core-security-pagination-and-observability
backend/app/modules/suppliers/validation_service.py,tracked: clean,A,backend application: suppliers,backend/app/modules/suppliers/contact_service.py; backend/app/modules/suppliers/service.py,yes,production application source,CLEAN,UNIQUE sha256:5e59c4697853c39a,01-core-security-pagination-and-observability
backend/docker-entrypoint.sh,tracked: clean,J,secret owner; not repository-owned,local secret/configuration consumer only,no,sensitive content requires removal or explicit review,REVIEW_REQUIRED:absolute-user-path,UNIQUE sha256:7e33bce18cb438f5,not-staged
backend/mypy-baseline.json,tracked: unstaged changes,G,static typing verification procedure,contract or release verification gate,yes,deterministically generated release or contract artifact,CLEAN,UNIQUE sha256:bb956900fe9ad82b,09-build-and-cross-platform-environment
backend/pyproject.toml,tracked: unstaged changes,E,repository and build configuration,"Git, Docker, Python, or VS Code tooling",yes,"required repository, build, or development configuration",CLEAN,UNIQUE sha256:d4f82d984b455021,09-build-and-cross-platform-environment
backend/requirements.lock,tracked: unstaged changes,E,repository and build configuration,"Git, Docker, Python, or VS Code tooling",yes,"required repository, build, or development configuration",CLEAN,UNIQUE sha256:0161c9551de7de95,09-build-and-cross-platform-environment
backend/scripts/benchmark_cursor_pagination.py,tracked: clean,D,release and performance engineering,developer and release procedures,yes,maintained benchmark or release script,CLEAN,UNIQUE sha256:b3c3afaa77853c08,08-benchmarks-and-contract-generators
backend/scripts/benchmark_resolved_attributes.py,tracked: clean,D,release and performance engineering,developer and release procedures,yes,maintained benchmark or release script,CLEAN,UNIQUE sha256:dee28d57fd365fa7,08-benchmarks-and-contract-generators
backend/scripts/benchmark_worker_throughput.py,tracked: clean,D,release and performance engineering,developer and release procedures,yes,maintained benchmark or release script,CLEAN,UNIQUE sha256:34a360e5b2e488f5,08-benchmarks-and-contract-generators
backend/scripts/generate_contract_reports.py,tracked: clean,D,release and performance engineering,backend/tests/test_contract_report_generation.py; backend/tests/test_request_boundary_completion.py,yes,maintained benchmark or release script,CLEAN,UNIQUE sha256:32d0963fcd643e63,08-benchmarks-and-contract-generators
backend/scripts/generate_release_inventory.py,tracked: clean,D,release and performance engineering,backend/tests/test_release_inventory_generator.py,yes,maintained benchmark or release script,CLEAN,UNIQUE sha256:9c38eded96c1e4cf,08-benchmarks-and-contract-generators
backend/scripts/seed_final_benchmark.sql,tracked: clean,D,release and performance engineering,developer and release procedures,yes,maintained benchmark or release script,CLEAN,UNIQUE sha256:e3ea467229d0efba,08-benchmarks-and-contract-generators
backend/tests/__init__.py,tracked: clean,C,pytest regression suite,pytest automatic discovery,yes,collected pytest source,CLEAN,INTENTIONAL_EMPTY_PACKAGE_MARKER,07-tests
backend/tests/test_api_contract_matrix.py,tracked: clean,C,pytest regression suite,pytest automatic discovery,yes,collected pytest source,CLEAN,UNIQUE sha256:91df1033c298bda5,07-tests
backend/tests/test_attribute_concurrency_matrix.py,tracked: clean,C,pytest regression suite,pytest automatic discovery,yes,collected pytest source,CLEAN,UNIQUE sha256:120f5709cd1a830d,07-tests
backend/tests/test_attribute_mutation_critical_paths.py,tracked: clean,C,pytest regression suite,pytest automatic discovery,yes,collected pytest source,CLEAN,UNIQUE sha256:56c57865c87f212e,07-tests
backend/tests/test_attribute_platform_completion.py,tracked: clean,C,pytest regression suite,pytest automatic discovery,yes,collected pytest source,CLEAN,UNIQUE sha256:dd9ec17f3a49d870,07-tests
backend/tests/test_attribute_platform_decomposition.py,tracked: clean,C,pytest regression suite,pytest automatic discovery,yes,collected pytest source,CLEAN,UNIQUE sha256:3b4837070a7900ce,07-tests
backend/tests/test_catalog_critical_paths.py,tracked: clean,C,pytest regression suite,pytest automatic discovery,yes,collected pytest source,CLEAN,UNIQUE sha256:6a0e16bbaf291d91,07-tests
backend/tests/test_catalog_crud.py,tracked: clean,C,pytest regression suite,pytest automatic discovery,yes,collected pytest source,CLEAN,UNIQUE sha256:14c999f8508bc1b8,07-tests
backend/tests/test_catalog_decomposition.py,tracked: clean,C,pytest regression suite,pytest automatic discovery,yes,collected pytest source,CLEAN,UNIQUE sha256:af6c36529e50cc8e,07-tests
backend/tests/test_catalog_transactions.py,tracked: clean,C,pytest regression suite,pytest automatic discovery,yes,collected pytest source,CLEAN,UNIQUE sha256:0bc734dca819ae63,07-tests
backend/tests/test_catalog_unit.py,tracked: clean,C,pytest regression suite,pytest automatic discovery,yes,collected pytest source,CLEAN,UNIQUE sha256:0cbe5f25b2f21a0d,07-tests
backend/tests/test_contract_report_generation.py,tracked: clean,C,pytest regression suite,pytest automatic discovery,yes,collected pytest source,CLEAN,UNIQUE sha256:d70e57720f2b4889,07-tests
backend/tests/test_database_failure_injection.py,tracked: clean,C,pytest regression suite,pytest automatic discovery,yes,collected pytest source,CLEAN,UNIQUE sha256:488954af76e9c12a,07-tests
backend/tests/test_downstream_publication_policy.py,untracked,C,pytest regression suite,pytest automatic discovery,yes,collected pytest source,CLEAN,UNIQUE sha256:7ae48d3c0552b591,07-tests
backend/tests/test_execution_api.py,tracked: clean,C,pytest regression suite,pytest automatic discovery,yes,collected pytest source,CLEAN,UNIQUE sha256:544af963a98b3237,07-tests
backend/tests/test_execution_concurrency_matrix.py,tracked: clean,C,pytest regression suite,pytest automatic discovery,yes,collected pytest source,CLEAN,UNIQUE sha256:b6bb146f04f64c7f,07-tests
backend/tests/test_execution_postgres_integration.py,tracked: clean,C,pytest regression suite,pytest automatic discovery,yes,collected pytest source,CLEAN,UNIQUE sha256:9bf744b9f207d7b4,07-tests
backend/tests/test_execution_unit.py,tracked: clean,C,pytest regression suite,pytest automatic discovery,yes,collected pytest source,CLEAN,UNIQUE sha256:6fbf0f33e69b641d,07-tests
backend/tests/test_execution_worker.py,tracked: clean,C,pytest regression suite,pytest automatic discovery,yes,collected pytest source,CLEAN,UNIQUE sha256:36008a1a495667bc,07-tests
backend/tests/test_health.py,tracked: clean,C,pytest regression suite,pytest automatic discovery,yes,collected pytest source,CLEAN,UNIQUE sha256:ac38a97eeca3176e,07-tests
backend/tests/test_inventory_concurrency_matrix.py,tracked: clean,C,pytest regression suite,pytest automatic discovery,yes,collected pytest source,CLEAN,UNIQUE sha256:ff02551862d22f4b,07-tests
backend/tests/test_inventory_crud.py,tracked: clean,C,pytest regression suite,pytest automatic discovery,yes,collected pytest source,CLEAN,UNIQUE sha256:9764bb22c1812f6f,07-tests
backend/tests/test_inventory_decomposition.py,tracked: clean,C,pytest regression suite,pytest automatic discovery,yes,collected pytest source,CLEAN,UNIQUE sha256:7650e9da0b325b04,07-tests
backend/tests/test_inventory_movements.py,tracked: clean,C,pytest regression suite,pytest automatic discovery,yes,collected pytest source,CLEAN,UNIQUE sha256:ef3086a77c067366,07-tests
backend/tests/test_inventory_reservation_critical_paths.py,tracked: clean,C,pytest regression suite,pytest automatic discovery,yes,collected pytest source,CLEAN,UNIQUE sha256:ac332e832493739f,07-tests
backend/tests/test_inventory_reservations.py,tracked: clean,C,pytest regression suite,pytest automatic discovery,yes,collected pytest source,CLEAN,UNIQUE sha256:6818657133f18d4d,07-tests
backend/tests/test_inventory_transactions.py,tracked: clean,C,pytest regression suite,pytest automatic discovery,yes,collected pytest source,CLEAN,UNIQUE sha256:404a719a212e2ea9,07-tests
backend/tests/test_keyset_list_pagination.py,tracked: clean,C,pytest regression suite,pytest automatic discovery,yes,collected pytest source,CLEAN,UNIQUE sha256:3976b3d6a3dc60e6,07-tests
backend/tests/test_module_boundaries.py,tracked: clean,C,pytest regression suite,pytest automatic discovery,yes,collected pytest source,CLEAN,UNIQUE sha256:9e0ad48a79afae5c,07-tests
backend/tests/test_optimistic_concurrency.py,tracked: clean,C,pytest regression suite,pytest automatic discovery,yes,collected pytest source,CLEAN,UNIQUE sha256:50fcf776002bf323,07-tests
backend/tests/test_persistent_local_secrets.py,tracked: clean,C,pytest regression suite,pytest automatic discovery,yes,collected pytest source,SYNTHETIC_TEST_LITERAL_ONLY:credential-url,UNIQUE sha256:e8636241a1c072d6,07-tests
backend/tests/test_persistent_local_secrets_contract.py,tracked: clean,C,pytest regression suite,pytest automatic discovery,yes,collected pytest source,CLEAN,UNIQUE sha256:2fa7ccc93cee3b12,07-tests
backend/tests/test_product_attribute_decomposition.py,tracked: clean,C,pytest regression suite,pytest automatic discovery,yes,collected pytest source,CLEAN,UNIQUE sha256:3a5e677bced4bcc6,07-tests
backend/tests/test_product_attribute_system.py,tracked: unstaged changes,C,pytest regression suite,pytest automatic discovery,yes,collected pytest source,CLEAN,UNIQUE sha256:58c3b0c9672e3911,07-tests
backend/tests/test_product_content_boundaries.py,tracked: clean,C,pytest regression suite,pytest automatic discovery,yes,collected pytest source,CLEAN,UNIQUE sha256:c2e94fad157f5f15,07-tests
backend/tests/test_product_content_completion.py,tracked: clean,C,pytest regression suite,pytest automatic discovery,yes,collected pytest source,CLEAN,UNIQUE sha256:75b19e5d95102850,07-tests
backend/tests/test_product_content_concurrency_matrix.py,tracked: clean,C,pytest regression suite,pytest automatic discovery,yes,collected pytest source,CLEAN,UNIQUE sha256:d48fc6aa8680ec63,07-tests
backend/tests/test_product_content_decomposition.py,tracked: clean,C,pytest regression suite,pytest automatic discovery,yes,collected pytest source,CLEAN,UNIQUE sha256:35b699167fecc80b,07-tests
backend/tests/test_product_content_openapi_contract.py,tracked: clean,C,pytest regression suite,pytest automatic discovery,yes,collected pytest source,CLEAN,UNIQUE sha256:181cb11757720f90,07-tests
backend/tests/test_product_content_platform.py,tracked: clean,C,pytest regression suite,pytest automatic discovery,yes,collected pytest source,CLEAN,UNIQUE sha256:822119fca387ec63,07-tests
backend/tests/test_product_content_postgres_integration.py,tracked: unstaged changes,C,pytest regression suite,pytest automatic discovery,yes,collected pytest source,CLEAN,UNIQUE sha256:a337d0249aaf6478,07-tests
backend/tests/test_product_content_quality.py,tracked: clean,C,pytest regression suite,pytest automatic discovery,yes,collected pytest source,CLEAN,UNIQUE sha256:0c4a04cefb957917,07-tests
backend/tests/test_product_content_revision_critical_paths.py,tracked: clean,C,pytest regression suite,pytest automatic discovery,yes,collected pytest source,CLEAN,UNIQUE sha256:e26c147799dc4f36,07-tests
backend/tests/test_rate_limit_redis.py,tracked: clean,C,pytest regression suite,pytest automatic discovery,yes,collected pytest source,SYNTHETIC_TEST_LITERAL_ONLY:bearer-token,UNIQUE sha256:36d422665bed5f63,07-tests
backend/tests/test_release_inventory_generator.py,tracked: clean,C,pytest regression suite,pytest automatic discovery,yes,collected pytest source,"SYNTHETIC_TEST_LITERAL_ONLY:bearer-token,credential-url,literal-credential,private-key",UNIQUE sha256:1448116c64f684df,07-tests
backend/tests/test_remaining_list_pagination.py,tracked: clean,C,pytest regression suite,pytest automatic discovery,yes,collected pytest source,CLEAN,UNIQUE sha256:59d072462f7f7f35,07-tests
backend/tests/test_request_boundary_completion.py,tracked: clean,C,pytest regression suite,pytest automatic discovery,yes,collected pytest source,CLEAN,UNIQUE sha256:b219472fab6cd817,07-tests
backend/tests/test_resolved_attribute_pagination.py,tracked: clean,C,pytest regression suite,pytest automatic discovery,yes,collected pytest source,CLEAN,UNIQUE sha256:9a0ad03a050c7a74,07-tests
backend/tests/test_security_completion.py,tracked: clean,C,pytest regression suite,pytest automatic discovery,yes,collected pytest source,SYNTHETIC_TEST_LITERAL_ONLY:credential-url,UNIQUE sha256:a031d4fe2e8694b6,07-tests
backend/tests/test_security_foundation.py,tracked: clean,C,pytest regression suite,pytest automatic discovery,yes,collected pytest source,SYNTHETIC_TEST_LITERAL_ONLY:credential-url,UNIQUE sha256:3239582bf390bcb0,07-tests
backend/tests/test_security_observability.py,tracked: clean,C,pytest regression suite,pytest automatic discovery,yes,collected pytest source,SYNTHETIC_TEST_LITERAL_ONLY:bearer-token,UNIQUE sha256:c59499bd1b5ac2a1,07-tests
backend/tests/test_static_baseline.py,tracked: clean,C,pytest regression suite,pytest automatic discovery,yes,collected pytest source,CLEAN,UNIQUE sha256:00f41bd550350560,07-tests
backend/tests/test_supplier_acquisition_architecture.py,tracked: clean,C,pytest regression suite,pytest automatic discovery,yes,collected pytest source,CLEAN,UNIQUE sha256:339b271218c865b4,07-tests
backend/tests/test_supplier_acquisition_integration.py,tracked: unstaged changes,C,pytest regression suite,pytest automatic discovery,yes,collected pytest source,CLEAN,UNIQUE sha256:347bcb57e420ffb9,07-tests
backend/tests/test_supplier_acquisition_units.py,tracked: unstaged changes,J,secret owner; not repository-owned,local secret/configuration consumer only,no,sensitive content requires removal or explicit review,REVIEW_REQUIRED:literal-credential,UNIQUE sha256:80a604d7514b0ae0,not-staged
backend/tests/test_supplier_administration.py,tracked: clean,C,pytest regression suite,pytest automatic discovery,yes,collected pytest source,CLEAN,UNIQUE sha256:d4ab79ca1805734c,07-tests
backend/tests/test_supplier_api_consolidation.py,tracked: clean,C,pytest regression suite,pytest automatic discovery,yes,collected pytest source,CLEAN,UNIQUE sha256:eb624d95d217f9eb,07-tests
backend/tests/test_supplier_architecture.py,tracked: clean,C,pytest regression suite,pytest automatic discovery,yes,collected pytest source,CLEAN,UNIQUE sha256:399d139bf6a4c584,07-tests
backend/tests/test_supplier_asbis_source.py,untracked,J,secret owner; not repository-owned,local secret/configuration consumer only,no,sensitive content requires removal or explicit review,REVIEW_REQUIRED:literal-credential,UNIQUE sha256:892f232863fb53d7,not-staged
backend/tests/test_supplier_ct_soap_source.py,tracked: clean,C,pytest regression suite,pytest automatic discovery,yes,collected pytest source,CLEAN,UNIQUE sha256:9ee220cf497c14e3,07-tests
backend/tests/test_supplier_delta_architecture.py,tracked: clean,C,pytest regression suite,pytest automatic discovery,yes,collected pytest source,CLEAN,UNIQUE sha256:d46facb104661488,07-tests
backend/tests/test_supplier_delta_integration.py,tracked: clean,C,pytest regression suite,backend/tests/test_supplier_api_consolidation.py,yes,collected pytest source,CLEAN,UNIQUE sha256:214acabe10ee2da6,07-tests
backend/tests/test_supplier_delta_migration.py,tracked: clean,C,pytest regression suite,pytest automatic discovery,yes,collected pytest source,CLEAN,UNIQUE sha256:2d693680aa8fd445,07-tests
backend/tests/test_supplier_delta_units.py,tracked: unstaged changes,C,pytest regression suite,pytest automatic discovery,yes,collected pytest source,CLEAN,UNIQUE sha256:e66122675adf3b23,07-tests
backend/tests/test_supplier_incident_architecture.py,tracked: clean,C,pytest regression suite,pytest automatic discovery,yes,collected pytest source,CLEAN,UNIQUE sha256:26ee25485575f6b6,07-tests
backend/tests/test_supplier_incident_integration.py,tracked: clean,C,pytest regression suite,backend/tests/test_supplier_api_consolidation.py,yes,collected pytest source,CLEAN,UNIQUE sha256:5debc47b66fbdcd0,07-tests
backend/tests/test_supplier_incident_migration.py,tracked: clean,C,pytest regression suite,pytest automatic discovery,yes,collected pytest source,CLEAN,UNIQUE sha256:a37c246d7dcd4676,07-tests
backend/tests/test_supplier_incident_units.py,tracked: clean,C,pytest regression suite,pytest automatic discovery,yes,collected pytest source,CLEAN,UNIQUE sha256:3ed848532813a655,07-tests
backend/tests/test_supplier_mapping_architecture.py,tracked: clean,C,pytest regression suite,pytest automatic discovery,yes,collected pytest source,CLEAN,UNIQUE sha256:2e43d7461ca44977,07-tests
backend/tests/test_supplier_mapping_migration.py,tracked: clean,C,pytest regression suite,pytest automatic discovery,yes,collected pytest source,CLEAN,UNIQUE sha256:bf2ddbdfcea37669,07-tests
backend/tests/test_supplier_mapping_profiles.py,tracked: unstaged changes,C,pytest regression suite,pytest automatic discovery,yes,collected pytest source,CLEAN,UNIQUE sha256:812f5824c8077f1f,07-tests
backend/tests/test_supplier_migration.py,tracked: clean,C,pytest regression suite,backend/tests/test_supplier_delta_migration.py; backend/tests/test_supplier_incident_migration.py; backend/tests/test_supplier_mapping_migration.py; backend/tests/test_supplier_pipeline_migration.py; backend/tests/test_supplier_schema_migration.py; backend/tests/test_supplier_snapshot_migration.py; backend/tests/test_supplier_source_migration.py,yes,collected pytest source,CLEAN,UNIQUE sha256:eeca9d8571c8fa4f,07-tests
backend/tests/test_supplier_mtls_source.py,tracked: unstaged changes,C,pytest regression suite,pytest automatic discovery,yes,collected pytest source,CLEAN,UNIQUE sha256:4d608f83d96bb567,07-tests
backend/tests/test_supplier_pin_soap_source.py,tracked: clean,C,pytest regression suite,pytest automatic discovery,yes,collected pytest source,CLEAN,UNIQUE sha256:f4bd912ed74627df,07-tests
backend/tests/test_supplier_pipeline_migration.py,tracked: clean,C,pytest regression suite,pytest automatic discovery,yes,collected pytest source,CLEAN,UNIQUE sha256:f239ef0d8994c1c1,07-tests
backend/tests/test_supplier_pipeline_units.py,tracked: unstaged changes,C,pytest regression suite,pytest automatic discovery,yes,collected pytest source,CLEAN,UNIQUE sha256:86a163af37feab3b,07-tests
backend/tests/test_supplier_schema_architecture.py,tracked: clean,C,pytest regression suite,pytest automatic discovery,yes,collected pytest source,CLEAN,UNIQUE sha256:31037d17afeb8727,07-tests
backend/tests/test_supplier_schema_inference.py,tracked: unstaged changes,C,pytest regression suite,pytest automatic discovery,yes,collected pytest source,CLEAN,UNIQUE sha256:a1479b6ca311b830,07-tests
backend/tests/test_supplier_schema_migration.py,tracked: clean,C,pytest regression suite,pytest automatic discovery,yes,collected pytest source,CLEAN,UNIQUE sha256:92f21a7838898e4d,07-tests
backend/tests/test_supplier_schema_profiles.py,tracked: unstaged changes,C,pytest regression suite,pytest automatic discovery,yes,collected pytest source,CLEAN,UNIQUE sha256:c5707c9214dad86d,07-tests
backend/tests/test_supplier_snapshot_architecture.py,tracked: clean,C,pytest regression suite,pytest automatic discovery,yes,collected pytest source,CLEAN,UNIQUE sha256:0ccfb3c7309f4006,07-tests
backend/tests/test_supplier_snapshot_integration.py,tracked: unstaged changes,C,pytest regression suite,backend/tests/test_supplier_api_consolidation.py; backend/tests/test_supplier_delta_integration.py; backend/tests/test_supplier_incident_integration.py,yes,collected pytest source,CLEAN,UNIQUE sha256:b6cfd330ab153d01,07-tests
backend/tests/test_supplier_snapshot_migration.py,tracked: clean,C,pytest regression suite,pytest automatic discovery,yes,collected pytest source,CLEAN,UNIQUE sha256:11dd7400e48fba93,07-tests
backend/tests/test_supplier_snapshot_units.py,tracked: clean,C,pytest regression suite,pytest automatic discovery,yes,collected pytest source,CLEAN,UNIQUE sha256:02ba6aa13c8f06c2,07-tests
backend/tests/test_supplier_source_configuration.py,tracked: clean,J,secret owner; not repository-owned,local secret/configuration consumer only,no,sensitive content requires removal or explicit review,REVIEW_REQUIRED:credential-url,UNIQUE sha256:9b493d2517cdd643,not-staged
backend/tests/test_supplier_source_migration.py,tracked: clean,C,pytest regression suite,pytest automatic discovery,yes,collected pytest source,CLEAN,UNIQUE sha256:c5a2313589b387ef,07-tests
backend/tests/test_supplier_source_probe.py,tracked: clean,C,pytest regression suite,pytest automatic discovery,yes,collected pytest source,CLEAN,UNIQUE sha256:e31e15addc379482,07-tests
backend/tests/test_supplier_sources.py,tracked: unstaged changes,C,pytest regression suite,pytest automatic discovery,yes,collected pytest source,CLEAN,UNIQUE sha256:8f3ccb2bf6dbd754,07-tests
config/supplier-secrets.example.json,tracked: clean,L,manual repository review,no verified reference,no,no canonical owner rule; manual review is required,CLEAN,UNIQUE sha256:8056cc85f8b59780,not-staged
database_design.md,tracked: clean,F,project documentation,"developer, operator, and architecture review",yes,"maintained architecture, security, or operations documentation",CLEAN,UNIQUE sha256:beab0bc80d969529,10-documentation-and-release-evidence
design_decisions_risks.md,tracked: clean,F,project documentation,"developer, operator, and architecture review",yes,"maintained architecture, security, or operations documentation",CLEAN,UNIQUE sha256:9287456d625ee14d,10-documentation-and-release-evidence
docker-compose.multi-instance.yml,tracked: clean,E,repository and build configuration,"Git, Docker, Python, or VS Code tooling",yes,"required repository, build, or development configuration",CLEAN,UNIQUE sha256:932b837badfcf68a,09-build-and-cross-platform-environment
docker-compose.test-isolated.yml,untracked,J,secret owner; not repository-owned,local secret/configuration consumer only,no,sensitive content requires removal or explicit review,"REVIEW_REQUIRED:absolute-user-path,credential-url",UNIQUE sha256:0c679c78656c68dd,not-staged
docker-compose.yml,tracked: unstaged changes,E,repository and build configuration,"Git, Docker, Python, or VS Code tooling",yes,"required repository, build, or development configuration",CLEAN,UNIQUE sha256:889513496cce3529,09-build-and-cross-platform-environment
docs/01_vision.md,tracked: clean,F,project documentation,"developer, operator, and architecture review",yes,"maintained architecture, security, or operations documentation",CLEAN,UNIQUE sha256:65e689b80cf4ace0,10-documentation-and-release-evidence
docs/02_database.md,tracked: clean,F,project documentation,"developer, operator, and architecture review",yes,"maintained architecture, security, or operations documentation",CLEAN,UNIQUE sha256:4f98fc3afda8b20d,10-documentation-and-release-evidence
docs/03_admin_panel.md,tracked: clean,F,project documentation,"developer, operator, and architecture review",yes,"maintained architecture, security, or operations documentation",CLEAN,UNIQUE sha256:6526166142792e53,10-documentation-and-release-evidence
docs/04_ai_engine.md,tracked: clean,F,project documentation,"developer, operator, and architecture review",yes,"maintained architecture, security, or operations documentation",CLEAN,UNIQUE sha256:537b28918b49a75d,10-documentation-and-release-evidence
docs/05_import_engine.md,tracked: clean,F,project documentation,"developer, operator, and architecture review",yes,"maintained architecture, security, or operations documentation",CLEAN,UNIQUE sha256:77799584b023c3f6,10-documentation-and-release-evidence
docs/06_pricing_engine.md,tracked: clean,F,project documentation,"developer, operator, and architecture review",yes,"maintained architecture, security, or operations documentation",CLEAN,UNIQUE sha256:6e5ce925f1743773,10-documentation-and-release-evidence
docs/07_workflows.md,tracked: clean,F,project documentation,"developer, operator, and architecture review",yes,"maintained architecture, security, or operations documentation",CLEAN,UNIQUE sha256:bc18d35f7b09559d,10-documentation-and-release-evidence
docs/08_api.md,tracked: clean,F,project documentation,"developer, operator, and architecture review",yes,"maintained architecture, security, or operations documentation",CLEAN,UNIQUE sha256:9bfdf383360da934,10-documentation-and-release-evidence
docs/09_deployment.md,tracked: clean,F,project documentation,"developer, operator, and architecture review",yes,"maintained architecture, security, or operations documentation",CLEAN,UNIQUE sha256:cd3e193264448808,10-documentation-and-release-evidence
docs/architecture/adr/ADR-001-Supplier-Pipeline.md,tracked: clean,F,project documentation,"developer, operator, and architecture review",yes,"maintained architecture, security, or operations documentation",CLEAN,UNIQUE sha256:131484d286a3134a,10-documentation-and-release-evidence
docs/architecture/architecture-exceptions.md,tracked: clean,F,project documentation,"developer, operator, and architecture review",yes,"maintained architecture, security, or operations documentation",CLEAN,UNIQUE sha256:ca2e4012033b962a,10-documentation-and-release-evidence
docs/architecture/attribute-orchestration.md,tracked: clean,F,project documentation,"developer, operator, and architecture review",yes,"maintained architecture, security, or operations documentation",CLEAN,UNIQUE sha256:00078abda1a09d1c,10-documentation-and-release-evidence
docs/architecture/cache-strategy.md,tracked: clean,F,project documentation,"developer, operator, and architecture review",yes,"maintained architecture, security, or operations documentation",CLEAN,UNIQUE sha256:0c0eebf6d737c92a,10-documentation-and-release-evidence
docs/architecture/cursor-pagination.md,tracked: clean,F,project documentation,"developer, operator, and architecture review",yes,"maintained architecture, security, or operations documentation",CLEAN,UNIQUE sha256:83454428236a1459,10-documentation-and-release-evidence
docs/architecture/downstream-publication-gate.md,untracked,F,project documentation,"developer, operator, and architecture review",yes,"maintained architecture, security, or operations documentation",CLEAN,UNIQUE sha256:a624a8be79e115d5,10-documentation-and-release-evidence
docs/architecture/execution-state-machine.md,tracked: clean,F,project documentation,"developer, operator, and architecture review",yes,"maintained architecture, security, or operations documentation",CLEAN,UNIQUE sha256:4618149fc5a30cb8,10-documentation-and-release-evidence
docs/architecture/execution-worker-leases.md,tracked: clean,F,project documentation,"developer, operator, and architecture review",yes,"maintained architecture, security, or operations documentation",CLEAN,UNIQUE sha256:9ef89f0b9f68a657,10-documentation-and-release-evidence
docs/architecture/foundation-freeze-policy.md,tracked: clean,F,project documentation,"developer, operator, and architecture review",yes,"maintained architecture, security, or operations documentation",CLEAN,UNIQUE sha256:9379a30db7ada6df,10-documentation-and-release-evidence
docs/architecture/horizontal-scaling.md,tracked: clean,F,project documentation,"developer, operator, and architecture review",yes,"maintained architecture, security, or operations documentation",CLEAN,UNIQUE sha256:147848bceef7d550,10-documentation-and-release-evidence
docs/architecture/inventory-transactions.md,tracked: clean,F,project documentation,"developer, operator, and architecture review",yes,"maintained architecture, security, or operations documentation",CLEAN,UNIQUE sha256:d1709868fdb35c3f,10-documentation-and-release-evidence
docs/architecture/module-boundaries.md,tracked: clean,F,project documentation,"developer, operator, and architecture review",yes,"maintained architecture, security, or operations documentation",CLEAN,UNIQUE sha256:859d505d08b0c591,10-documentation-and-release-evidence
docs/architecture/platform-foundation.md,tracked: clean,F,project documentation,"developer, operator, and architecture review",yes,"maintained architecture, security, or operations documentation",CLEAN,UNIQUE sha256:002d227df1469d2e,10-documentation-and-release-evidence
docs/architecture/product-attribute-system.md,tracked: clean,F,project documentation,"developer, operator, and architecture review",yes,"maintained architecture, security, or operations documentation",CLEAN,UNIQUE sha256:cd4941ed3f66e6b0,10-documentation-and-release-evidence
docs/architecture/product-content-platform.md,tracked: clean,F,project documentation,"developer, operator, and architecture review",yes,"maintained architecture, security, or operations documentation",CLEAN,UNIQUE sha256:a387540fb0e19121,10-documentation-and-release-evidence
docs/architecture/product-content-revisions.md,tracked: clean,F,project documentation,"developer, operator, and architecture review",yes,"maintained architecture, security, or operations documentation",CLEAN,UNIQUE sha256:a17ad8fa5f3849e6,10-documentation-and-release-evidence
docs/architecture/security-architecture.md,tracked: clean,F,project documentation,"developer, operator, and architecture review",yes,"maintained architecture, security, or operations documentation",CLEAN,UNIQUE sha256:5857ac7f321ef7f7,10-documentation-and-release-evidence
docs/architecture/service-decomposition.md,tracked: clean,F,project documentation,"developer, operator, and architecture review",yes,"maintained architecture, security, or operations documentation",CLEAN,UNIQUE sha256:bc4d7751d09f73ed,10-documentation-and-release-evidence
docs/architecture/supplier-acquisition-engine.md,tracked: clean,F,project documentation,"developer, operator, and architecture review",yes,"maintained architecture, security, or operations documentation",CLEAN,UNIQUE sha256:97dadd2180355483,10-documentation-and-release-evidence
docs/architecture/supplier-admin-ui.md,tracked: clean,F,project documentation,"developer, operator, and architecture review",yes,"maintained architecture, security, or operations documentation",CLEAN,UNIQUE sha256:0781f3936e5b7240,10-documentation-and-release-evidence
docs/architecture/supplier-administration.md,tracked: clean,F,project documentation,"developer, operator, and architecture review",yes,"maintained architecture, security, or operations documentation",CLEAN,UNIQUE sha256:aafa4e55d2285397,10-documentation-and-release-evidence
docs/architecture/supplier-api.md,tracked: clean,F,project documentation,"developer, operator, and architecture review",yes,"maintained architecture, security, or operations documentation",CLEAN,UNIQUE sha256:88b0b7da7fde68c3,10-documentation-and-release-evidence
docs/architecture/supplier-delta-engine.md,tracked: clean,F,project documentation,"developer, operator, and architecture review",yes,"maintained architecture, security, or operations documentation",CLEAN,UNIQUE sha256:aede1c0229303c2e,10-documentation-and-release-evidence
docs/architecture/supplier-incident-center.md,tracked: clean,F,project documentation,"developer, operator, and architecture review",yes,"maintained architecture, security, or operations documentation",CLEAN,UNIQUE sha256:4cf052b8d105450d,10-documentation-and-release-evidence
docs/architecture/supplier-mapping-profiles.md,tracked: clean,F,project documentation,"developer, operator, and architecture review",yes,"maintained architecture, security, or operations documentation",CLEAN,UNIQUE sha256:3cfc9602552522b2,10-documentation-and-release-evidence
docs/architecture/supplier-schema-profiles.md,tracked: clean,F,project documentation,"developer, operator, and architecture review",yes,"maintained architecture, security, or operations documentation",CLEAN,UNIQUE sha256:b1624cfa7069b6cc,10-documentation-and-release-evidence
docs/architecture/supplier-snapshot-engine.md,tracked: clean,F,project documentation,"developer, operator, and architecture review",yes,"maintained architecture, security, or operations documentation",CLEAN,UNIQUE sha256:46bb7820f05fe796,10-documentation-and-release-evidence
docs/architecture/supplier-source-connections.md,tracked: clean,F,project documentation,"developer, operator, and architecture review",yes,"maintained architecture, security, or operations documentation",CLEAN,UNIQUE sha256:f9c8bd4b4f971b06,10-documentation-and-release-evidence
docs/audits/api-operation-matrix.json,tracked: clean,G,backend/scripts/generate_contract_reports.py,contract or release verification gate,yes,deterministically generated release or contract artifact,CLEAN,UNIQUE sha256:7b605ae647db3062,08-benchmarks-and-contract-generators
docs/audits/final-git-file-classification.csv,tracked: clean,G,backend/scripts/generate_release_inventory.py,release procedure and final release review,yes,deterministically generated release or contract artifact,CLEAN_GENERATED_FROM_REDACTED_DATA,GENERATED_OUTPUT_SELF_REFERENCE,10-documentation-and-release-evidence
docs/audits/final-validation-working-tree-inventory.md,tracked: clean,F,project documentation,"developer, operator, and architecture review",yes,"maintained architecture, security, or operations documentation",CLEAN,UNIQUE sha256:2e593892a8b2ffab,10-documentation-and-release-evidence
docs/audits/foundation-hardening-final-report.md,tracked: clean,F,project documentation,"developer, operator, and architecture review",yes,"maintained architecture, security, or operations documentation",CLEAN,UNIQUE sha256:d99d51165c5f8b67,10-documentation-and-release-evidence
docs/audits/foundation-hardening-prechange-findings.md,tracked: clean,F,project documentation,"developer, operator, and architecture review",yes,"maintained architecture, security, or operations documentation",CLEAN,UNIQUE sha256:4346f38b6b9448fb,10-documentation-and-release-evidence
docs/audits/full-project-audit.md,tracked: clean,F,project documentation,"developer, operator, and architecture review",yes,"maintained architecture, security, or operations documentation",CLEAN,UNIQUE sha256:23dcc92ee08aecbf,10-documentation-and-release-evidence
docs/audits/high-risk-request-boundaries.md,tracked: clean,F,project documentation,"developer, operator, and architecture review",yes,"maintained architecture, security, or operations documentation",CLEAN,UNIQUE sha256:a38d5b9068ca7dfe,10-documentation-and-release-evidence
docs/audits/openapi-normalized.json,tracked: clean,G,backend/scripts/generate_contract_reports.py,contract or release verification gate,yes,deterministically generated release or contract artifact,CLEAN,UNIQUE sha256:d76c859198c354dc,08-benchmarks-and-contract-generators
docs/audits/platform-completion-final-report.md,tracked: clean,F,project documentation,"developer, operator, and architecture review",yes,"maintained architecture, security, or operations documentation",CLEAN,UNIQUE sha256:f4a765fdffa936ad,10-documentation-and-release-evidence
docs/audits/platform-final-prechange-map.md,tracked: clean,F,project documentation,"developer, operator, and architecture review",yes,"maintained architecture, security, or operations documentation",CLEAN,UNIQUE sha256:ffe5cfa9baf5f88f,10-documentation-and-release-evidence
docs/audits/platform-maturity-final-report.md,tracked: clean,F,project documentation,"developer, operator, and architecture review",yes,"maintained architecture, security, or operations documentation",CLEAN,UNIQUE sha256:17dc72952bd6313b,10-documentation-and-release-evidence
docs/audits/post-freeze-pre-git-checkpoint.md,tracked: clean,F,project documentation,"developer, operator, and architecture review",yes,"maintained architecture, security, or operations documentation",CLEAN,UNIQUE sha256:f82af956432d8d02,10-documentation-and-release-evidence
docs/audits/post-freeze-repository-release-final-report.md,tracked: clean,F,project documentation,"developer, operator, and architecture review",yes,"maintained architecture, security, or operations documentation",CLEAN,UNIQUE sha256:f49e500fadf74d4f,10-documentation-and-release-evidence
docs/audits/product-attribute-system-implementation.md,tracked: clean,F,project documentation,"developer, operator, and architecture review",yes,"maintained architecture, security, or operations documentation",CLEAN,UNIQUE sha256:13553cc93098f9e5,10-documentation-and-release-evidence
docs/audits/product-content-final-closure-audit.md,tracked: clean,F,project documentation,"developer, operator, and architecture review",yes,"maintained architecture, security, or operations documentation",CLEAN,UNIQUE sha256:a6f5bb00f9e1f08e,10-documentation-and-release-evidence
docs/audits/product-content-platform-implementation.md,tracked: clean,F,project documentation,"developer, operator, and architecture review",yes,"maintained architecture, security, or operations documentation",CLEAN,UNIQUE sha256:03f5d5d4d5ee36cd,10-documentation-and-release-evidence
docs/audits/repository-cleanup-report.md,tracked: clean,F,project documentation,"developer, operator, and architecture review",yes,"maintained architecture, security, or operations documentation",CLEAN,UNIQUE sha256:310208ca9f0c71ed,10-documentation-and-release-evidence
docs/audits/repository-health-stabilization.md,tracked: clean,F,project documentation,"developer, operator, and architecture review",yes,"maintained architecture, security, or operations documentation",CLEAN,UNIQUE sha256:604db39780a902c4,10-documentation-and-release-evidence
docs/audits/request-boundary-inventory.json,tracked: clean,G,backend/scripts/generate_contract_reports.py,contract or release verification gate,yes,deterministically generated release or contract artifact,CLEAN,UNIQUE sha256:7e41b9d6041f2646,08-benchmarks-and-contract-generators
docs/development/local-setup.md,tracked: clean,F,project documentation,"developer, operator, and architecture review",yes,"maintained architecture, security, or operations documentation",CLEAN,UNIQUE sha256:138b4980e7ca4fe4,10-documentation-and-release-evidence
docs/operations/cross-platform-python-environment.md,tracked: clean,F,project documentation,"developer, operator, and architecture review",yes,"maintained architecture, security, or operations documentation",CLEAN,UNIQUE sha256:3ffc5655c262046d,10-documentation-and-release-evidence
docs/operations/dependency-management.md,tracked: clean,F,project documentation,"developer, operator, and architecture review",yes,"maintained architecture, security, or operations documentation",CLEAN,UNIQUE sha256:0779f3698c958bde,10-documentation-and-release-evidence
docs/operations/developer-onboarding.md,tracked: clean,F,project documentation,"developer, operator, and architecture review",yes,"maintained architecture, security, or operations documentation",CLEAN,UNIQUE sha256:1f49bea437365ee4,10-documentation-and-release-evidence
docs/operations/isolated-test-environment.md,untracked,F,project documentation,"developer, operator, and architecture review",yes,"maintained architecture, security, or operations documentation",CLEAN,UNIQUE sha256:eea6f843d57bbde0,10-documentation-and-release-evidence
docs/operations/migrations.md,tracked: clean,F,project documentation,"developer, operator, and architecture review",yes,"maintained architecture, security, or operations documentation",CLEAN,UNIQUE sha256:cdf33c23b0076210,10-documentation-and-release-evidence
docs/operations/observability.md,tracked: clean,F,project documentation,"developer, operator, and architecture review",yes,"maintained architecture, security, or operations documentation",CLEAN,UNIQUE sha256:af40d71c7b3099a6,10-documentation-and-release-evidence
docs/operations/performance-budgets.md,tracked: clean,F,project documentation,"developer, operator, and architecture review",yes,"maintained architecture, security, or operations documentation",CLEAN,UNIQUE sha256:743224e5c393c865,10-documentation-and-release-evidence
docs/operations/python-dependency-inventory.csv,tracked: clean,F,project documentation,"developer, operator, and architecture review",yes,"maintained architecture, security, or operations documentation",CLEAN,UNIQUE sha256:86039567f054f835,10-documentation-and-release-evidence
docs/operations/recovery-procedures.md,tracked: clean,F,project documentation,"developer, operator, and architecture review",yes,"maintained architecture, security, or operations documentation",CLEAN,UNIQUE sha256:81d57d12de45aafa,10-documentation-and-release-evidence
docs/operations/release-procedure.md,tracked: clean,F,project documentation,"developer, operator, and architecture review",yes,"maintained architecture, security, or operations documentation",CLEAN,UNIQUE sha256:301bce99102f2a82,10-documentation-and-release-evidence
docs/operations/testing-strategy.md,tracked: unstaged changes,F,project documentation,"developer, operator, and architecture review",yes,"maintained architecture, security, or operations documentation",CLEAN,UNIQUE sha256:f0fc4c365bcef052,10-documentation-and-release-evidence
docs/roadmap.md,tracked: clean,F,project documentation,"developer, operator, and architecture review",yes,"maintained architecture, security, or operations documentation",CLEAN,UNIQUE sha256:4616b093dab4ea6f,10-documentation-and-release-evidence
docs/security/api-authorization-matrix.md,tracked: clean,F,project documentation,"developer, operator, and architecture review",yes,"maintained architecture, security, or operations documentation",CLEAN,UNIQUE sha256:1903e204d2cd6fc9,10-documentation-and-release-evidence
docs/security/dependency-advisory-report.md,tracked: unstaged changes,F,project documentation,"developer, operator, and architecture review",yes,"maintained architecture, security, or operations documentation",CLEAN,UNIQUE sha256:c19fc41763cca5e3,10-documentation-and-release-evidence
docs/security/production-configuration.md,tracked: clean,F,project documentation,"developer, operator, and architecture review",yes,"maintained architecture, security, or operations documentation",CLEAN,UNIQUE sha256:3326c74bbf35ff6c,10-documentation-and-release-evidence
docs/security/rate-limiting.md,tracked: clean,F,project documentation,"developer, operator, and architecture review",yes,"maintained architecture, security, or operations documentation",CLEAN,UNIQUE sha256:9983db3d3dc54546,10-documentation-and-release-evidence
docs/security/secret-scan-report.md,tracked: clean,G,backend/scripts/generate_release_inventory.py,release procedure and final release review,yes,deterministically generated release or contract artifact,CLEAN_GENERATED_FROM_REDACTED_DATA,GENERATED_OUTPUT_SELF_REFERENCE,10-documentation-and-release-evidence
docs/security/security-architecture.md,tracked: clean,F,project documentation,"developer, operator, and architecture review",yes,"maintained architecture, security, or operations documentation",CLEAN,UNIQUE sha256:83b5f9875019ab11,10-documentation-and-release-evidence
docs/security/token-lifecycle.md,tracked: clean,F,project documentation,"developer, operator, and architecture review",yes,"maintained architecture, security, or operations documentation",CLEAN,UNIQUE sha256:1fc0e57bce9518c8,10-documentation-and-release-evidence
docs/user-guides/supplier-connections.md,tracked: clean,F,project documentation,"developer, operator, and architecture review",yes,"maintained architecture, security, or operations documentation",CLEAN,UNIQUE sha256:7dfd6f7428b0ec5d,10-documentation-and-release-evidence
frontend/.gitignore,tracked: clean,E,repository and build configuration,"Git, Docker, Python, or VS Code tooling",yes,"required repository, build, or development configuration",CLEAN,UNIQUE sha256:ebf38d352f7b1feb,09-build-and-cross-platform-environment
frontend/Dockerfile,tracked: clean,E,repository and build configuration,"Git, Docker, Python, or VS Code tooling",yes,"required repository, build, or development configuration",CLEAN,UNIQUE sha256:14ec8a059922f656,09-build-and-cross-platform-environment
frontend/eslint.config.js,tracked: clean,L,manual repository review,no verified reference,no,no canonical owner rule; manual review is required,CLEAN,UNIQUE sha256:4d1b6eed1dd89a70,not-staged
frontend/index.html,tracked: clean,L,manual repository review,no verified reference,no,no canonical owner rule; manual review is required,CLEAN,UNIQUE sha256:13706eca62f70e4b,not-staged
frontend/nginx.conf,tracked: clean,L,manual repository review,no verified reference,no,no canonical owner rule; manual review is required,CLEAN,UNIQUE sha256:6f377548f6ea8ce3,not-staged
frontend/package-lock.json,tracked: unstaged changes,L,manual repository review,no verified reference,no,no canonical owner rule; manual review is required,CLEAN,UNIQUE sha256:e0cb50fa70a79f45,not-staged
frontend/package.json,tracked: unstaged changes,L,manual repository review,no verified reference,no,no canonical owner rule; manual review is required,CLEAN,UNIQUE sha256:bfae2100c8043cd9,not-staged
frontend/src/App.tsx,tracked: unstaged changes,L,manual repository review,no verified reference,no,no canonical owner rule; manual review is required,CLEAN,UNIQUE sha256:aa2a5df15a9c6dca,not-staged
frontend/src/accessControl.test.ts,untracked,L,manual repository review,no verified reference,no,no canonical owner rule; manual review is required,CLEAN,UNIQUE sha256:8ec92fcab5eb24bd,not-staged
frontend/src/accessControl.ts,untracked,L,manual repository review,no verified reference,no,no canonical owner rule; manual review is required,CLEAN,UNIQUE sha256:e6f9c1d295afa1c1,not-staged
frontend/src/api/client.test.ts,tracked: unstaged changes,L,manual repository review,no verified reference,no,no canonical owner rule; manual review is required,CLEAN,UNIQUE sha256:f2e027b066424cf0,not-staged
frontend/src/api/client.ts,tracked: unstaged changes,L,manual repository review,no verified reference,no,no canonical owner rule; manual review is required,CLEAN,UNIQUE sha256:73f06e1d608133de,not-staged
frontend/src/api/supplierApi.ts,tracked: unstaged changes,J,secret owner; not repository-owned,local secret/configuration consumer only,no,sensitive content requires removal or explicit review,REVIEW_REQUIRED:literal-credential,UNIQUE sha256:2f877f06aed8e96b,not-staged
frontend/src/components/AppShell.tsx,tracked: unstaged changes,L,manual repository review,no verified reference,no,no canonical owner rule; manual review is required,CLEAN,UNIQUE sha256:84a47be54f284ba3,not-staged
frontend/src/components/AsyncState.tsx,tracked: clean,L,manual repository review,no verified reference,no,no canonical owner rule; manual review is required,CLEAN,UNIQUE sha256:9165b46fa8a67f0a,not-staged
frontend/src/components/DetailDrawer.tsx,tracked: clean,L,manual repository review,no verified reference,no,no canonical owner rule; manual review is required,CLEAN,UNIQUE sha256:a052ee2429e42da8,not-staged
frontend/src/components/EntityTable.tsx,tracked: unstaged changes,L,manual repository review,no verified reference,no,no canonical owner rule; manual review is required,CLEAN,UNIQUE sha256:94e9d9711979654c,not-staged
frontend/src/components/GlobalSearch.tsx,tracked: clean,L,manual repository review,no verified reference,no,no canonical owner rule; manual review is required,CLEAN,UNIQUE sha256:2bb70c5fa21046b0,not-staged
frontend/src/components/MetricCard.tsx,tracked: clean,L,manual repository review,no verified reference,no,no canonical owner rule; manual review is required,CLEAN,UNIQUE sha256:47660d3eaaec6c0c,not-staged
frontend/src/components/PageHeader.tsx,tracked: clean,L,manual repository review,no verified reference,no,no canonical owner rule; manual review is required,CLEAN,UNIQUE sha256:0158789c3910a9c6,not-staged
frontend/src/components/PermissionRoute.tsx,untracked,L,manual repository review,no verified reference,no,no canonical owner rule; manual review is required,CLEAN,UNIQUE sha256:07e4548469bf11df,not-staged
frontend/src/components/RecordDetails.tsx,tracked: clean,L,manual repository review,no verified reference,no,no canonical owner rule; manual review is required,CLEAN,UNIQUE sha256:a4d1bbb14037595f,not-staged
frontend/src/components/RelatedData.tsx,tracked: clean,L,manual repository review,no verified reference,no,no canonical owner rule; manual review is required,CLEAN,UNIQUE sha256:1647f280c560ee7b,not-staged
frontend/src/components/StatusChip.tsx,tracked: clean,L,manual repository review,no verified reference,no,no canonical owner rule; manual review is required,CLEAN,UNIQUE sha256:2b3a3efac7632307,not-staged
frontend/src/components/WorkspaceSelector.tsx,tracked: clean,L,manual repository review,no verified reference,no,no canonical owner rule; manual review is required,CLEAN,UNIQUE sha256:68bac92082ad828f,not-staged
frontend/src/main.tsx,tracked: clean,L,manual repository review,no verified reference,no,no canonical owner rule; manual review is required,CLEAN,UNIQUE sha256:ca2e2d1de1d47174,not-staged
frontend/src/pages/AdministrationPage.tsx,tracked: clean,L,manual repository review,no verified reference,no,no canonical owner rule; manual review is required,CLEAN,UNIQUE sha256:abbd3f256195372c,not-staged
frontend/src/pages/ArchivePage.tsx,tracked: clean,L,manual repository review,no verified reference,no,no canonical owner rule; manual review is required,CLEAN,UNIQUE sha256:8cb3fcb864c0c004,not-staged
frontend/src/pages/AutomationPage.test.ts,untracked,L,manual repository review,no verified reference,no,no canonical owner rule; manual review is required,CLEAN,UNIQUE sha256:6ed536fa74a6cc39,not-staged
frontend/src/pages/AutomationPage.tsx,tracked: unstaged changes,L,manual repository review,no verified reference,no,no canonical owner rule; manual review is required,CLEAN,UNIQUE sha256:624aaf79097a44f0,not-staged
frontend/src/pages/DashboardPage.tsx,tracked: unstaged changes,L,manual repository review,no verified reference,no,no canonical owner rule; manual review is required,CLEAN,UNIQUE sha256:2e34eb21da9cccfe,not-staged
frontend/src/pages/IncidentsPage.tsx,tracked: unstaged changes,L,manual repository review,no verified reference,no,no canonical owner rule; manual review is required,CLEAN,UNIQUE sha256:c0f01dfa315b147f,not-staged
frontend/src/pages/LoginPage.tsx,tracked: clean,L,manual repository review,no verified reference,no,no canonical owner rule; manual review is required,CLEAN,UNIQUE sha256:be52954423c02f85,not-staged
frontend/src/pages/MappingProfilesPage.tsx,tracked: unstaged changes,L,manual repository review,no verified reference,no,no canonical owner rule; manual review is required,CLEAN,UNIQUE sha256:7c5309734a3e922b,not-staged
frontend/src/pages/ScopedResourcePage.tsx,tracked: unstaged changes,L,manual repository review,no verified reference,no,no canonical owner rule; manual review is required,CLEAN,UNIQUE sha256:77ae2066b754ca1e,not-staged
frontend/src/pages/SourcesPage.tsx,tracked: unstaged changes,J,secret owner; not repository-owned,local secret/configuration consumer only,no,sensitive content requires removal or explicit review,REVIEW_REQUIRED:literal-credential,UNIQUE sha256:7bbbada6b0cf04b7,not-staged
frontend/src/pages/SuppliersPage.tsx,tracked: unstaged changes,L,manual repository review,no verified reference,no,no canonical owner rule; manual review is required,CLEAN,UNIQUE sha256:52e0ea2a0daba7e1,not-staged
frontend/src/pages/mappingPreview.test.ts,untracked,L,manual repository review,no verified reference,no,no canonical owner rule; manual review is required,CLEAN,UNIQUE sha256:cc4c872638cfbd0b,not-staged
frontend/src/pages/mappingPreview.ts,untracked,L,manual repository review,no verified reference,no,no canonical owner rule; manual review is required,CLEAN,UNIQUE sha256:5f7167bd13a690ea,not-staged
frontend/src/pages/scheduleTime.ts,untracked,L,manual repository review,no verified reference,no,no canonical owner rule; manual review is required,CLEAN,UNIQUE sha256:3f805c4a0378a3f4,not-staged
frontend/src/pages/supplierForm.test.ts,untracked,L,manual repository review,no verified reference,no,no canonical owner rule; manual review is required,CLEAN,UNIQUE sha256:b4e504ba7770f8f7,not-staged
frontend/src/pages/supplierForm.ts,untracked,L,manual repository review,no verified reference,no,no canonical owner rule; manual review is required,CLEAN,UNIQUE sha256:575dbfa0a3472ea7,not-staged
frontend/src/state/AuthContext.tsx,tracked: clean,L,manual repository review,no verified reference,no,no canonical owner rule; manual review is required,CLEAN,UNIQUE sha256:30248bd3b2db7296,not-staged
frontend/src/state/PreferencesContext.tsx,tracked: clean,L,manual repository review,no verified reference,no,no canonical owner rule; manual review is required,CLEAN,UNIQUE sha256:92f47b9b41e50546,not-staged
frontend/src/state/WorkspaceContext.tsx,tracked: clean,L,manual repository review,no verified reference,no,no canonical owner rule; manual review is required,CLEAN,UNIQUE sha256:02caf60a6157e127,not-staged
frontend/src/theme.test.ts,tracked: clean,L,manual repository review,no verified reference,no,no canonical owner rule; manual review is required,CLEAN,UNIQUE sha256:1d10eb64a6261167,not-staged
frontend/src/theme.ts,tracked: clean,L,manual repository review,no verified reference,no,no canonical owner rule; manual review is required,CLEAN,UNIQUE sha256:1a1f23317966839d,not-staged
frontend/src/tooltipBehavior.test.ts,tracked: clean,L,manual repository review,no verified reference,no,no canonical owner rule; manual review is required,CLEAN,UNIQUE sha256:522d0796406c52a5,not-staged
frontend/src/tooltipBehavior.ts,tracked: clean,L,manual repository review,no verified reference,no,no canonical owner rule; manual review is required,CLEAN,UNIQUE sha256:0d11852ee75218fc,not-staged
frontend/src/types.ts,tracked: clean,L,manual repository review,no verified reference,no,no canonical owner rule; manual review is required,CLEAN,UNIQUE sha256:c40123915c621f44,not-staged
frontend/tsconfig.app.json,tracked: clean,L,manual repository review,no verified reference,no,no canonical owner rule; manual review is required,CLEAN,UNIQUE sha256:9fac34f646a1d3e4,not-staged
frontend/tsconfig.json,tracked: clean,L,manual repository review,no verified reference,no,no canonical owner rule; manual review is required,CLEAN,UNIQUE sha256:770b4140bbb581e2,not-staged
frontend/tsconfig.node.json,tracked: clean,L,manual repository review,no verified reference,no,no canonical owner rule; manual review is required,CLEAN,UNIQUE sha256:3dc28b63563e20fa,not-staged
frontend/vite.config.ts,tracked: unstaged changes,L,manual repository review,no verified reference,no,no canonical owner rule; manual review is required,CLEAN,UNIQUE sha256:f8f35472e091eb31,not-staged
implementation_plan.md,tracked: clean,F,project documentation,"developer, operator, and architecture review",yes,"maintained architecture, security, or operations documentation",CLEAN,UNIQUE sha256:dd4980974af1ea77,10-documentation-and-release-evidence
launcher/AI-Monitor-Hub-Launcher.ps1,tracked: clean,J,secret owner; not repository-owned,local secret/configuration consumer only,no,sensitive content requires removal or explicit review,REVIEW_REQUIRED:absolute-windows-path,UNIQUE sha256:156b7b97c07cbd29,not-staged
launcher/AI-Monitor-Hub-Menu.cmd,tracked: clean,L,manual repository review,no verified reference,no,no canonical owner rule; manual review is required,CLEAN,UNIQUE sha256:9fc5a345061e4fc0,not-staged
launcher/Install-Desktop-Shortcuts.ps1,tracked: clean,L,manual repository review,no verified reference,no,no canonical owner rule; manual review is required,CLEAN,UNIQUE sha256:ea4b2745a207c553,not-staged
launcher/README-SR.txt,tracked: clean,J,secret owner; not repository-owned,local secret/configuration consumer only,no,sensitive content requires removal or explicit review,REVIEW_REQUIRED:absolute-windows-path,UNIQUE sha256:730b9f04789295fc,not-staged
launcher/Start-AI-Monitor-Hub.cmd,tracked: clean,L,manual repository review,no verified reference,no,no canonical owner rule; manual review is required,CLEAN,UNIQUE sha256:dd5b0373a225712d,not-staged
launcher/Stop-AI-Monitor-Hub.cmd,tracked: clean,L,manual repository review,no verified reference,no,no canonical owner rule; manual review is required,CLEAN,UNIQUE sha256:1aac4810511687d3,not-staged
scripts/Invoke-IsolatedTestSuite.ps1,untracked,L,manual repository review,no verified reference,no,no canonical owner rule; manual review is required,CLEAN,UNIQUE sha256:4588dc65d8954287,not-staged
